-- --------------------------------------------------------
-- Host:                         127.0.0.1
-- Server version:               8.0.40 - MySQL Community Server - GPL
-- Server OS:                    Win64
-- HeidiSQL Version:             12.10.0.7000
-- --------------------------------------------------------

/*!40101 SET @OLD_CHARACTER_SET_CLIENT=@@CHARACTER_SET_CLIENT */;
/*!40101 SET NAMES utf8 */;
/*!50503 SET NAMES utf8mb4 */;
/*!40103 SET @OLD_TIME_ZONE=@@TIME_ZONE */;
/*!40103 SET TIME_ZONE='+00:00' */;
/*!40014 SET @OLD_FOREIGN_KEY_CHECKS=@@FOREIGN_KEY_CHECKS, FOREIGN_KEY_CHECKS=0 */;
/*!40101 SET @OLD_SQL_MODE=@@SQL_MODE, SQL_MODE='NO_AUTO_VALUE_ON_ZERO' */;
/*!40111 SET @OLD_SQL_NOTES=@@SQL_NOTES, SQL_NOTES=0 */;


-- Dumping database structure for student_marks
CREATE DATABASE IF NOT EXISTS `student_marks` /*!40100 DEFAULT CHARACTER SET utf8mb4 COLLATE utf8mb4_0900_ai_ci */ /*!80016 DEFAULT ENCRYPTION='N' */;
USE `student_marks`;

-- Dumping structure for table student_marks.authentication_user
CREATE TABLE IF NOT EXISTS `authentication_user` (
  `id` int NOT NULL AUTO_INCREMENT,
  `token` text NOT NULL,
  `user_id` int NOT NULL,
  `expires_at` datetime NOT NULL,
  `created_at` datetime DEFAULT CURRENT_TIMESTAMP,
  PRIMARY KEY (`id`),
  KEY `fk_authentication_user_user_id` (`user_id`),
  CONSTRAINT `fk_authentication_user_user_id` FOREIGN KEY (`user_id`) REFERENCES `user` (`id`) ON DELETE CASCADE
) ENGINE=InnoDB AUTO_INCREMENT=75 DEFAULT CHARSET=utf8mb4 COLLATE=utf8mb4_0900_ai_ci;

-- Dumping data for table student_marks.authentication_user: ~9 rows (approximately)
REPLACE INTO `authentication_user` (`id`, `token`, `user_id`, `expires_at`, `created_at`) VALUES
	(59, 'eyJhbGciOiJIUzI1NiIsInR5cCI6IkpXVCJ9.eyJlbWFpbCI6ImpvaG4uZG9lQGV4YW1wbGUuY29tIiwiaWQiOjEsImlhdCI6MTczNzU1NzY0MCwiZXhwIjoxNzM3NTcyMDQwfQ.qAu4FFRtBchWD12YjKxbyiBlRm6hI1sYKIzT7WvjLHs', 1, '2026-01-22 18:54:00', '2025-01-22 14:54:00'),
	(60, 'eyJhbGciOiJIUzI1NiIsInR5cCI6IkpXVCJ9.eyJlbWFpbCI6Imx3eWVyczNAZ21haWwuY29tIiwiaWQiOjEyLCJpYXQiOjE3Mzc3MzExNDUsImV4cCI6MTczNzc0NTU0NX0.2GDupTM-K12GZIWZ9ZJJYapUJaNUk78dyy1-pRNas9w', 12, '2026-01-24 19:05:45', '2025-01-24 15:05:45'),
	(61, 'eyJhbGciOiJIUzI1NiIsInR5cCI6IkpXVCJ9.eyJlbWFpbCI6Imx3eWVyczNAZ21haWwuY29tIiwiaWQiOjEyLCJpYXQiOjE3Mzc4MDE3NzQsImV4cCI6MTczNzgxNjE3NH0.TXo_OoJu4azApC5KAe0jO-2IgqntMOZhdoMrtSj2Bjg', 12, '2025-01-25 14:42:54', '2025-01-25 10:42:54'),
	(62, 'eyJhbGciOiJIUzI1NiIsInR5cCI6IkpXVCJ9.eyJlbWFpbCI6ImpvaG4uZG9lQGV4YW1wbGUuY29tIiwiaWQiOjEsImlhdCI6MTczNzgwMjgzMiwiZXhwIjoxNzM3ODE3MjMyfQ.YzJ9II52ZRyb0vR-NPSJiaz8-0n5ll0fpyDAczZzUbc', 1, '2025-01-25 15:00:32', '2025-01-25 11:00:32'),
	(63, 'eyJhbGciOiJIUzI1NiIsInR5cCI6IkpXVCJ9.eyJlbWFpbCI6ImphbmUuc21pdGhAZXhhbXBsZS5jb20iLCJpZCI6MiwiaWF0IjoxNzM3ODAzMzU4LCJleHAiOjE3Mzc4MTc3NTh9.YXWRsICwFK9tGMpaRF-axefdTKrAs06WlngdHCFdqxo', 2, '2025-01-25 15:09:18', '2025-01-25 11:09:18'),
	(64, 'eyJhbGciOiJIUzI1NiIsInR5cCI6IkpXVCJ9.eyJlbWFpbCI6ImpvaG4uZG9lQGV4YW1wbGUuY29tIiwiaWQiOjEsImlhdCI6MTczNzgwODUxOCwiZXhwIjoxNzM3ODIyOTE4fQ.B2VS7WI2BoQSFpzeCSDDkUjwn4ADqQSjDVqsl2FHcZY', 1, '2025-01-25 16:35:18', '2025-01-25 12:35:18'),
	(65, 'eyJhbGciOiJIUzI1NiIsInR5cCI6IkpXVCJ9.eyJlbWFpbCI6ImpvaG4uZG9lQGV4YW1wbGUuY29tIiwiaWQiOjEsImlhdCI6MTczNzgyNTM4MSwiZXhwIjoxNzM3ODM5NzgxfQ.sU0QY-nSod9b8ZjlIdUMkt9n0_YnBQxehxlXAxpj8a4', 1, '2025-01-25 21:16:21', '2025-01-25 17:16:21'),
	(66, 'eyJhbGciOiJIUzI1NiIsInR5cCI6IkpXVCJ9.eyJlbWFpbCI6Imx3eWVyczNAZ21haWwuY29tIiwiaWQiOjEyLCJpYXQiOjE3Mzc4MzA4MjEsImV4cCI6MTczNzg0NTIyMX0.uiS6y89LOYWJPfMKIALqDj52dQblTVZzTyfy44--xsc', 12, '2025-01-25 22:47:01', '2025-01-25 18:47:01'),
	(67, 'eyJhbGciOiJIUzI1NiIsInR5cCI6IkpXVCJ9.eyJlbWFpbCI6ImpvaG4uZG9lQGV4YW1wbGUuY29tIiwiaWQiOjEsImlhdCI6MTczNzgzMjY2NiwiZXhwIjoxNzM3ODQ3MDY2fQ.MOTVAdm98BXqFQk3381JEMFqpY5vmPkXfXelZylpjFU', 1, '2025-01-25 23:17:46', '2025-01-25 19:17:46'),
	(68, 'eyJhbGciOiJIUzI1NiIsInR5cCI6IkpXVCJ9.eyJlbWFpbCI6ImpvaG4uZG9lQGV4YW1wbGUuY29tIiwiaWQiOjEsImlhdCI6MTczODQwNjEyOCwiZXhwIjoxNzM4NDIwNTI4fQ.9hlguRf_e91aljdIJ7Defi8iENKx-3E3zxS9RhcIhVY', 1, '2025-02-01 14:35:28', '2025-02-01 10:35:28'),
	(69, 'eyJhbGciOiJIUzI1NiIsInR5cCI6IkpXVCJ9.eyJlbWFpbCI6ImphbmUuc21pdGhAZXhhbXBsZS5jb20iLCJpZCI6MiwiaWF0IjoxNzM4NDA4NDU0LCJleHAiOjE3Mzg0MjI4NTR9.eLozkrRZkbTmdlPbTEs5MdeVB1Pbm728pgjnUtKEnEA', 2, '2025-02-01 15:14:14', '2025-02-01 11:14:14'),
	(70, 'eyJhbGciOiJIUzI1NiIsInR5cCI6IkpXVCJ9.eyJlbWFpbCI6Im1pY2hhZWwuZ2lyYUBleGFtcGxlLmNvbSIsImlkIjoxNSwiaWF0IjoxNzM4NDA4NTAxLCJleHAiOjE3Mzg0MjI5MDF9.PITysiKXpduY2WzyBXX_KDGQrtBw7TVRMev-7JVe-t0', 15, '2025-02-01 15:15:01', '2025-02-01 11:15:01'),
	(71, 'eyJhbGciOiJIUzI1NiIsInR5cCI6IkpXVCJ9.eyJlbWFpbCI6Imx3eWVyczNAZ21haWwuY29tIiwiaWQiOjEyLCJpYXQiOjE3Mzg0MDg2NzgsImV4cCI6MTczODQyMzA3OH0.C7iZJzMbwSc0GTpRJ0qxaevqHMuxUIQxQJoouh88T9s', 12, '2025-02-01 15:17:58', '2025-02-01 11:17:58'),
	(72, 'eyJhbGciOiJIUzI1NiIsInR5cCI6IkpXVCJ9.eyJlbWFpbCI6ImpvaG4uZG9lQGV4YW1wbGUuY29tIiwiaWQiOjEsImlhdCI6MTczODQyNzA4OSwiZXhwIjoxNzM4NDQxNDg5fQ.dzvILrTW7ui0jYzx4kbylf-K-tft4Gr8-BaMVbO3Qvo', 1, '2025-02-01 20:24:49', '2025-02-01 16:24:49'),
	(73, 'eyJhbGciOiJIUzI1NiIsInR5cCI6IkpXVCJ9.eyJlbWFpbCI6Imx3eWVyczNAZ21haWwuY29tIiwiaWQiOjEyLCJpYXQiOjE3Mzg0MzAwNTYsImV4cCI6MTczODQ0NDQ1Nn0.XQ4GBQ35X2kl2vsRMITHgjrEsvUYjrzppK8zb1Fhn9U', 12, '2025-02-01 21:14:16', '2025-02-01 17:14:16'),
	(74, 'eyJhbGciOiJIUzI1NiIsInR5cCI6IkpXVCJ9.eyJlbWFpbCI6Im1pY2hhZWwuZ2lyYUBleGFtcGxlLmNvbSIsImlkIjoxNSwiaWF0IjoxNzM4NDMwMDg0LCJleHAiOjE3Mzg0NDQ0ODR9.3nRbl6dDLG8Fg_C7qetVWNQ2yHNVgkGqj2GRrIvBPXo', 15, '2025-02-01 21:14:44', '2025-02-01 17:14:44');

-- Dumping structure for table student_marks.classification
CREATE TABLE IF NOT EXISTS `classification` (
  `id` int NOT NULL AUTO_INCREMENT,
  `range_start` int DEFAULT NULL,
  `range_end` int DEFAULT NULL,
  `classification` varchar(60) CHARACTER SET utf8mb4 COLLATE utf8mb4_0900_ai_ci DEFAULT NULL,
  `level_id` int DEFAULT NULL,
  PRIMARY KEY (`id`),
  UNIQUE KEY `id_UNIQUE` (`id`),
  KEY `FK_classification_level` (`level_id`) USING BTREE,
  CONSTRAINT `fk_classification_level` FOREIGN KEY (`level_id`) REFERENCES `level` (`id`)
) ENGINE=InnoDB AUTO_INCREMENT=6 DEFAULT CHARSET=utf8mb4 COLLATE=utf8mb4_0900_ai_ci;

-- Dumping data for table student_marks.classification: ~5 rows (approximately)
REPLACE INTO `classification` (`id`, `range_start`, `range_end`, `classification`, `level_id`) VALUES
	(1, 0, 39, 'fail', 1),
	(2, 40, 49, 'Third-Class Honors', 1),
	(3, 50, 59, '2:2', 1),
	(4, 60, 69, '2:1', 1),
	(5, 70, 100, 'First-Class Honors', 1);

-- Dumping structure for table student_marks.course
CREATE TABLE IF NOT EXISTS `course` (
  `id` int NOT NULL AUTO_INCREMENT,
  `title` varchar(45) NOT NULL,
  `school_id` int NOT NULL,
  `years` int NOT NULL,
  `qualification_id` int NOT NULL,
  `code` varchar(8) NOT NULL,
  `part_time` smallint DEFAULT '0',
  PRIMARY KEY (`id`),
  UNIQUE KEY `id_UNIQUE` (`id`),
  KEY `fk_course_school_idx` (`school_id`) USING BTREE,
  KEY `FK_course_course_level` (`qualification_id`) USING BTREE,
  CONSTRAINT `fk_course_qualification_level` FOREIGN KEY (`qualification_id`) REFERENCES `qualification_level` (`id`),
  CONSTRAINT `fk_course_school` FOREIGN KEY (`school_id`) REFERENCES `school` (`id`)
) ENGINE=InnoDB AUTO_INCREMENT=38 DEFAULT CHARSET=utf8mb4 COLLATE=utf8mb4_0900_ai_ci;

-- Dumping data for table student_marks.course: ~37 rows (approximately)
REPLACE INTO `course` (`id`, `title`, `school_id`, `years`, `qualification_id`, `code`, `part_time`) VALUES
	(1, 'Drama', 1, 3, 3, 'DRA', 0),
	(2, 'Film Studies and Production', 1, 3, 3, 'FSP', 0),
	(3, 'Film and Theatre Making', 1, 3, 3, 'FTM', 0),
	(4, 'Drama and English', 1, 3, 3, 'DEN', 0),
	(5, 'English and Film Studies', 1, 3, 3, 'EFS', 0),
	(6, 'Music', 1, 3, 16, 'MUS', 0),
	(7, 'Music and Audio Production', 1, 3, 3, 'MAP', 0),
	(8, 'Music and Sound Design', 1, 3, 3, 'MSD', 0),
	(9, 'Music Performance', 1, 3, 3, 'MPE', 0),
	(10, 'Audio Engineering', 1, 3, 4, 'AEN', 0),
	(11, 'Film', 1, 1, 6, 'MFIL', 0),
	(12, 'Film', 1, 2, 6, 'MFIL', 1),
	(13, 'Arts Management', 1, 1, 6, 'MAMA', 0),
	(14, 'Arts Management', 1, 3, 6, 'MAMA', 1),
	(15, 'Media and Broadcast Production', 1, 1, 6, 'MMBP', 0),
	(16, 'Media and Broadcast Production', 1, 3, 6, 'MMBP', 1),
	(17, 'Arts and Humanities', 1, 1, 17, 'MAHU', 0),
	(18, 'Arts and Humanities', 1, 2, 17, 'MAHU', 1),
	(19, 'English', 1, 3, 3, 'ENG', 0),
	(20, 'English and French', 1, 3, 3, 'ENG/FRE', 0),
	(21, 'English and Histroy', 1, 3, 3, 'ENG/HIS', 0),
	(22, 'English and Irish', 1, 3, 3, 'ENG/IRI', 0),
	(23, 'English and Linguistics', 1, 3, 3, 'ENG/LIN', 0),
	(24, 'English and Philosophy', 1, 3, 3, 'ENG/PHI', 0),
	(25, 'English and Politics', 1, 3, 3, 'ENG/POL', 0),
	(26, 'English and Anthropology', 1, 3, 3, 'ENG/ANT', 0),
	(27, 'English and Sociology', 1, 3, 3, 'ENG/SOC', 0),
	(28, 'English and Spanish', 1, 3, 3, 'ENG/SOC', 0),
	(29, 'English and Creative Writing', 1, 3, 3, 'ENG/CRW', 0),
	(30, 'English - Literary Studies', 1, 1, 6, 'MELTS', 0),
	(31, 'English - Literary Studies', 1, 3, 6, 'MELTS', 1),
	(32, 'English - Creative Writing', 1, 1, 6, 'MECW', 0),
	(33, 'English - Creative Writing', 1, 2, 6, 'MECW', 1),
	(34, 'Poetry: Creativity and Criticism', 1, 1, 6, 'MPOCC', 0),
	(35, 'Poetry: Creativity and Criticism', 1, 3, 6, 'MPOCC', 1),
	(36, 'Linguistics', 1, 1, 6, 'MLIN', 0),
	(37, 'Linguistics', 1, 2, 6, 'MLIN', 1);

-- Dumping structure for table student_marks.course_year
CREATE TABLE IF NOT EXISTS `course_year` (
  `id` int NOT NULL AUTO_INCREMENT,
  `course_id` int NOT NULL DEFAULT (0),
  `year_start` int NOT NULL,
  `year_end` int NOT NULL,
  `course_coordinator` int DEFAULT NULL,
  PRIMARY KEY (`id`),
  UNIQUE KEY `id_UNIQUE` (`id`),
  KEY `fk_course_year_course` (`course_id`),
  KEY `fk_course_year_course_coordinator` (`course_coordinator`),
  CONSTRAINT `fk_course_year_course` FOREIGN KEY (`course_id`) REFERENCES `course_year` (`id`),
  CONSTRAINT `fk_course_year_course_coordinator` FOREIGN KEY (`course_coordinator`) REFERENCES `user` (`id`)
) ENGINE=InnoDB AUTO_INCREMENT=29 DEFAULT CHARSET=utf8mb4 COLLATE=utf8mb4_0900_ai_ci;

-- Dumping data for table student_marks.course_year: ~28 rows (approximately)
REPLACE INTO `course_year` (`id`, `course_id`, `year_start`, `year_end`, `course_coordinator`) VALUES
	(1, 1, 2021, 2024, 1),
	(2, 1, 2022, 2025, 1),
	(3, 1, 2023, 2026, 1),
	(4, 1, 2024, 2027, 1),
	(5, 2, 2021, 2024, 1),
	(6, 2, 2022, 2025, 1),
	(7, 2, 2023, 2026, 1),
	(8, 2, 2024, 2027, 1),
	(9, 3, 2021, 2024, 1),
	(10, 3, 2022, 2025, 1),
	(11, 3, 2023, 2026, 1),
	(12, 3, 2024, 2027, 1),
	(13, 4, 2021, 2024, 1),
	(14, 4, 2022, 2025, 1),
	(15, 4, 2023, 2026, 1),
	(16, 4, 2024, 2027, 1),
	(17, 5, 2021, 2024, 1),
	(18, 5, 2022, 2025, 1),
	(19, 5, 2023, 2026, 1),
	(20, 5, 2024, 2027, 1),
	(21, 11, 2021, 2024, 1),
	(22, 11, 2022, 2025, 1),
	(23, 11, 2023, 2026, 1),
	(24, 11, 2024, 2027, 1),
	(25, 12, 2021, 2024, 1),
	(26, 12, 2022, 2025, 1),
	(27, 12, 2023, 2026, 1),
	(28, 12, 2024, 2027, 1);

-- Dumping structure for table student_marks.letter
CREATE TABLE IF NOT EXISTS `letter` (
  `id` int NOT NULL,
  `date_sent` datetime DEFAULT NULL,
  `authorised` tinyint NOT NULL,
  `sent_by_user` int NOT NULL DEFAULT '0',
  `type_id` int DEFAULT NULL,
  `sent` tinyint NOT NULL DEFAULT '0',
  `authorised_by_staff` int DEFAULT NULL,
  `student_module_id` int NOT NULL,
  PRIMARY KEY (`id`),
  UNIQUE KEY `id_UNIQUE` (`id`),
  KEY `fk_letter_admin_staff_idx` (`sent_by_user`),
  KEY `fk_letter_authorised_staff_idx` (`authorised_by_staff`),
  KEY `fk_letter_type` (`type_id`),
  KEY `fk_letter_student_module` (`student_module_id`),
  CONSTRAINT `fk_letter_admin_staff` FOREIGN KEY (`sent_by_user`) REFERENCES `user` (`id`),
  CONSTRAINT `fk_letter_authorised_staff` FOREIGN KEY (`authorised_by_staff`) REFERENCES `user` (`id`),
  CONSTRAINT `fk_letter_student` FOREIGN KEY (`id`) REFERENCES `student` (`id`),
  CONSTRAINT `fk_letter_student_module` FOREIGN KEY (`student_module_id`) REFERENCES `student_module` (`id`),
  CONSTRAINT `fk_letter_type` FOREIGN KEY (`type_id`) REFERENCES `letter_types` (`id`)
) ENGINE=InnoDB DEFAULT CHARSET=utf8mb4 COLLATE=utf8mb4_0900_ai_ci;

-- Dumping data for table student_marks.letter: ~0 rows (approximately)

-- Dumping structure for table student_marks.letter_types
CREATE TABLE IF NOT EXISTS `letter_types` (
  `id` int NOT NULL AUTO_INCREMENT,
  `name` varchar(255) CHARACTER SET utf8mb4 COLLATE utf8mb4_0900_ai_ci NOT NULL,
  PRIMARY KEY (`id`)
) ENGINE=InnoDB DEFAULT CHARSET=utf8mb4 COLLATE=utf8mb4_0900_ai_ci;

-- Dumping data for table student_marks.letter_types: ~0 rows (approximately)

-- Dumping structure for table student_marks.level
CREATE TABLE IF NOT EXISTS `level` (
  `id` int NOT NULL AUTO_INCREMENT,
  `level` int DEFAULT NULL,
  PRIMARY KEY (`id`),
  UNIQUE KEY `id_UNIQUE` (`id`),
  UNIQUE KEY `level_UNIQUE` (`level`)
) ENGINE=InnoDB AUTO_INCREMENT=4 DEFAULT CHARSET=utf8mb4 COLLATE=utf8mb4_0900_ai_ci;

-- Dumping data for table student_marks.level: ~3 rows (approximately)
REPLACE INTO `level` (`id`, `level`) VALUES
	(1, 5),
	(2, 6),
	(3, 7);

-- Dumping structure for table student_marks.meeting
CREATE TABLE IF NOT EXISTS `meeting` (
  `id` int NOT NULL AUTO_INCREMENT,
  `date_created` datetime NOT NULL,
  `date_updated` datetime NOT NULL,
  `student_id` int NOT NULL,
  `scheduled_date` datetime NOT NULL,
  `coordinater_id` int NOT NULL,
  `academic_id` int NOT NULL,
  `admin_staff_id` int NOT NULL,
  `outcome` varchar(45) NOT NULL DEFAULT 'PEN',
  `meeting_reason` varchar(45) NOT NULL DEFAULT 'PEN',
  `module_id` int NOT NULL,
  PRIMARY KEY (`id`),
  UNIQUE KEY `id_UNIQUE` (`id`),
  KEY `fk_meeting_student` (`student_id`),
  KEY `fk_meeting_academic` (`academic_id`),
  KEY `fk_meeting_coordinator` (`coordinater_id`),
  KEY `fk_meeting_admin_staff` (`admin_staff_id`),
  KEY `fk_meeting_module` (`module_id`),
  CONSTRAINT `fk_meeting_academic` FOREIGN KEY (`academic_id`) REFERENCES `user` (`id`),
  CONSTRAINT `fk_meeting_admin_staff` FOREIGN KEY (`admin_staff_id`) REFERENCES `user` (`id`),
  CONSTRAINT `fk_meeting_coordinator` FOREIGN KEY (`coordinater_id`) REFERENCES `user` (`id`),
  CONSTRAINT `fk_meeting_module` FOREIGN KEY (`module_id`) REFERENCES `module` (`id`),
  CONSTRAINT `fk_meeting_student` FOREIGN KEY (`student_id`) REFERENCES `student` (`id`)
) ENGINE=InnoDB DEFAULT CHARSET=utf8mb4 COLLATE=utf8mb4_0900_ai_ci;

-- Dumping data for table student_marks.meeting: ~0 rows (approximately)

-- Dumping structure for table student_marks.module
CREATE TABLE IF NOT EXISTS `module` (
  `id` int NOT NULL AUTO_INCREMENT,
  `title` varchar(70) CHARACTER SET utf8mb4 COLLATE utf8mb4_0900_ai_ci NOT NULL,
  `code` varchar(8) NOT NULL,
  `CATs` int NOT NULL,
  `year` int DEFAULT NULL,
  PRIMARY KEY (`id`),
  UNIQUE KEY `id_UNIQUE` (`id`)
) ENGINE=InnoDB AUTO_INCREMENT=142 DEFAULT CHARSET=utf8mb4 COLLATE=utf8mb4_0900_ai_ci;

-- Dumping data for table student_marks.module: ~47 rows (approximately)
REPLACE INTO `module` (`id`, `title`, `code`, `CATs`, `year`) VALUES
	(1, 'Introduction to Performing', 'DRA0001', 20, 1),
	(2, 'Theatre Now: Contemporary Performance', 'DRA0002', 20, 1),
	(3, 'Production Practices', 'DRA0003', 20, 1),
	(4, 'Introduction to Theatre: The Material Stage', 'DRA0004', 20, 1),
	(5, 'Introduction to Acting for Stage and Screen', 'DRA0005', 20, 1),
	(6, 'Modernist Theatre', 'DRA0006', 20, 2),
	(7, 'Drama and Mental Health', 'DRA0007', 20, 2),
	(8, 'Radio Drama', 'DRA0008', 20, 2),
	(9, 'Adaptation as Interdisciplinary Practice', 'DRA0009', 20, 2),
	(10, 'Educational Drama', 'DRA0010', 20, 2),
	(11, 'The Art of the Actor', 'DRA0011', 20, 2),
	(12, 'Gender, Culture, and Representation - Backwards & in Heels', 'DRA0012', 20, 2),
	(13, 'Principles of Business in Arts, Cultural and Creative Industries', 'DRA0013', 20, 2),
	(14, 'Acting for Musical Theatre', 'DRA0014', 20, 2),
	(15, 'Acting Shakespeare', 'DRA0015', 20, 2),
	(16, 'Dramaturgy', 'DRA0016', 20, 2),
	(17, 'Advanced Musical Theory', 'DRA0017', 20, 3),
	(18, 'Advanced Theatre Practice', 'DRA0018', 20, 3),
	(20, 'Beckett in Performance', 'DRA0020', 20, 3),
	(21, 'Dance Theatre', 'DRA0021', 20, 3),
	(22, 'Postconflict Drama: Performing the NI Peace Process', 'DRA0022', 20, 3),
	(23, 'Solo Performance', 'DRA0023', 20, 3),
	(24, 'Work-based Learning', 'DRA0024', 20, 3),
	(25, 'The Art of Interaction', 'DRA0025', 20, 3),
	(26, 'Participatory Performance Practices', 'DRA0026', 20, 3),
	(27, 'Dissertation', 'DRA0027', 20, 3),
	(46, 'Adaptation as Interdisciplinary Practice', 'DRA0019', 20, 1),
	(82, 'Editing for Screen', 'FSP0001', 20, 1),
	(85, 'Introduction to Film Practice', 'FSP0002', 20, 1),
	(88, 'Introduction to Film Studies 1', 'FSP0003', 20, 1),
	(91, 'Fiction Film Practice', 'FSP0004', 20, 2),
	(94, 'Popular Genres', 'FSP0005', 20, 2),
	(97, 'British Cinema: Nation, Identity and Industry', 'FSP0006', 20, 2),
	(100, 'Broadcast Journalism', 'FSP0007', 20, 2),
	(103, 'Experimental Practice', 'FSP0008', 20, 2),
	(106, 'Creative Enterprise in Film and Digital Media', 'FSP0009', 20, 2),
	(109, 'Film and Sound: History and Theory', 'FSP0010', 20, 2),
	(112, 'World Cinema', 'FSP0011', 20, 2),
	(115, 'Documentary Film Studies', 'FSP0012', 20, 2),
	(118, 'Non-fiction Film Practice', 'FSP0013', 20, 2),
	(121, 'Transnational Crime Cinema', 'FSP0014', 20, 3),
	(124, 'Cinema and the Environment', 'FSP0015', 20, 3),
	(127, 'Media and Time', 'FSP0016', 20, 3),
	(130, 'Film and Music: Theory and Criticism', 'FSP0017', 20, 3),
	(133, 'Advanced Film Practice 1', 'FSP0018', 20, 3),
	(136, 'Advanced Film Practice 2', 'FSP0019', 20, 3),
	(139, 'Dissertation', 'FSP0020', 20, 3);

-- Dumping structure for table student_marks.module_course
CREATE TABLE IF NOT EXISTS `module_course` (
  `id` int NOT NULL AUTO_INCREMENT,
  `module_id` int NOT NULL,
  `course_id` int NOT NULL,
  `course_year_id` int NOT NULL,
  `module_year_id` int NOT NULL,
  `required` tinyint(1) unsigned zerofill NOT NULL,
  PRIMARY KEY (`id`),
  UNIQUE KEY `id_UNIQUE` (`id`),
  KEY `fk_module_course_course` (`course_id`),
  KEY `fk_module_course_module` (`module_id`) USING BTREE,
  KEY `fk_module_course_course_year` (`course_year_id`),
  KEY `fk_module_course_module_year` (`module_year_id`),
  CONSTRAINT `fk_module_course_course` FOREIGN KEY (`course_id`) REFERENCES `course` (`id`),
  CONSTRAINT `fk_module_course_course_year` FOREIGN KEY (`course_year_id`) REFERENCES `course_year` (`id`),
  CONSTRAINT `fk_module_course_module` FOREIGN KEY (`module_id`) REFERENCES `module` (`id`),
  CONSTRAINT `fk_module_course_module_year` FOREIGN KEY (`module_year_id`) REFERENCES `module_year` (`id`)
) ENGINE=InnoDB AUTO_INCREMENT=339 DEFAULT CHARSET=utf8mb4 COLLATE=utf8mb4_0900_ai_ci;

-- Dumping data for table student_marks.module_course: ~108 rows (approximately)
REPLACE INTO `module_course` (`id`, `module_id`, `course_id`, `course_year_id`, `module_year_id`, `required`) VALUES
	(230, 1, 1, 1, 74, 0),
	(231, 1, 1, 2, 75, 0),
	(232, 1, 1, 3, 76, 0),
	(233, 1, 1, 4, 77, 0),
	(234, 2, 1, 1, 78, 0),
	(235, 2, 1, 2, 79, 0),
	(236, 2, 1, 3, 80, 0),
	(237, 2, 1, 4, 81, 0),
	(238, 3, 1, 1, 82, 0),
	(239, 3, 1, 2, 83, 0),
	(240, 3, 1, 3, 84, 0),
	(241, 3, 1, 4, 85, 0),
	(242, 4, 1, 1, 86, 0),
	(243, 4, 1, 2, 87, 0),
	(244, 4, 1, 3, 88, 0),
	(245, 4, 1, 4, 89, 0),
	(246, 5, 1, 1, 90, 0),
	(247, 5, 1, 2, 91, 0),
	(248, 5, 1, 3, 92, 0),
	(249, 5, 1, 4, 93, 0),
	(250, 6, 1, 1, 94, 0),
	(251, 6, 1, 2, 95, 0),
	(252, 6, 1, 3, 96, 0),
	(253, 6, 1, 4, 97, 0),
	(254, 7, 1, 1, 98, 0),
	(255, 7, 1, 2, 99, 0),
	(256, 7, 1, 3, 100, 0),
	(257, 7, 1, 4, 101, 0),
	(258, 8, 1, 1, 102, 0),
	(259, 8, 1, 2, 103, 0),
	(260, 8, 1, 3, 104, 0),
	(261, 8, 1, 4, 105, 0),
	(262, 9, 1, 1, 106, 0),
	(263, 9, 1, 2, 107, 0),
	(264, 9, 1, 3, 108, 0),
	(265, 9, 1, 4, 109, 0),
	(266, 10, 1, 1, 110, 0),
	(267, 10, 1, 2, 111, 0),
	(268, 10, 1, 3, 112, 0),
	(269, 10, 1, 4, 113, 0),
	(270, 11, 1, 1, 114, 0),
	(271, 11, 1, 2, 115, 0),
	(272, 11, 1, 3, 116, 0),
	(273, 11, 1, 4, 117, 0),
	(274, 12, 1, 1, 118, 0),
	(275, 12, 1, 2, 119, 0),
	(276, 12, 1, 3, 120, 0),
	(277, 12, 1, 4, 121, 0),
	(278, 13, 1, 1, 122, 0),
	(279, 13, 1, 2, 123, 0),
	(280, 13, 1, 3, 124, 0),
	(281, 13, 1, 4, 125, 0),
	(282, 14, 1, 1, 126, 0),
	(283, 14, 1, 2, 127, 0),
	(284, 14, 1, 3, 128, 0),
	(285, 14, 1, 4, 129, 0),
	(286, 15, 1, 1, 130, 0),
	(287, 15, 1, 2, 131, 0),
	(288, 15, 1, 3, 132, 0),
	(289, 15, 1, 4, 133, 0),
	(290, 16, 1, 1, 134, 0),
	(291, 16, 1, 2, 135, 0),
	(292, 16, 1, 3, 136, 0),
	(293, 16, 1, 4, 137, 0),
	(294, 17, 1, 1, 138, 0),
	(295, 17, 1, 2, 139, 0),
	(296, 17, 1, 3, 140, 0),
	(297, 17, 1, 4, 141, 0),
	(298, 18, 1, 1, 142, 0),
	(299, 18, 1, 2, 143, 0),
	(300, 18, 1, 3, 144, 0),
	(301, 18, 1, 4, 145, 0),
	(302, 20, 1, 1, 146, 0),
	(303, 20, 1, 2, 147, 0),
	(304, 20, 1, 3, 148, 0),
	(305, 20, 1, 4, 149, 0),
	(306, 21, 1, 1, 150, 0),
	(307, 21, 1, 2, 151, 0),
	(308, 21, 1, 3, 152, 0),
	(309, 21, 1, 4, 153, 0),
	(310, 22, 1, 1, 154, 0),
	(311, 22, 1, 2, 155, 0),
	(312, 22, 1, 3, 156, 0),
	(313, 22, 1, 4, 157, 0),
	(314, 23, 1, 1, 158, 0),
	(315, 23, 1, 2, 159, 0),
	(316, 23, 1, 3, 160, 0),
	(317, 23, 1, 4, 161, 0),
	(318, 24, 1, 1, 162, 0),
	(319, 24, 1, 2, 163, 0),
	(320, 24, 1, 3, 164, 0),
	(321, 24, 1, 4, 165, 0),
	(322, 25, 1, 1, 166, 0),
	(323, 25, 1, 2, 167, 0),
	(324, 25, 1, 3, 168, 0),
	(325, 25, 1, 4, 169, 0),
	(326, 25, 1, 1, 166, 0),
	(327, 25, 1, 2, 167, 0),
	(328, 25, 1, 3, 168, 0),
	(329, 25, 1, 4, 169, 0),
	(330, 26, 1, 1, 170, 0),
	(331, 26, 1, 2, 171, 0),
	(332, 26, 1, 3, 172, 0),
	(333, 26, 1, 4, 173, 0),
	(334, 27, 1, 1, 174, 0),
	(335, 27, 1, 2, 175, 0),
	(336, 27, 1, 3, 176, 0),
	(337, 27, 1, 4, 177, 0),
	(338, 1, 2, 5, 74, 0);

-- Dumping structure for table student_marks.module_year
CREATE TABLE IF NOT EXISTS `module_year` (
  `id` int NOT NULL AUTO_INCREMENT,
  `module_id` int NOT NULL,
  `year_start` int NOT NULL,
  `semester_id` int NOT NULL,
  `module_coordinator_id` int NOT NULL DEFAULT '1',
  PRIMARY KEY (`id`),
  UNIQUE KEY `id_UNIQUE` (`id`),
  KEY `fk_module_year_module` (`module_id`),
  KEY `fk_module_year_semester` (`semester_id`),
  KEY `fk_module_year_module_coordinator_id` (`module_coordinator_id`),
  CONSTRAINT `fk_module_year_module` FOREIGN KEY (`module_id`) REFERENCES `module` (`id`),
  CONSTRAINT `fk_module_year_module_coordinator_id` FOREIGN KEY (`module_coordinator_id`) REFERENCES `user` (`id`),
  CONSTRAINT `fk_module_year_semester` FOREIGN KEY (`semester_id`) REFERENCES `semester` (`id`)
) ENGINE=InnoDB AUTO_INCREMENT=262 DEFAULT CHARSET=utf8mb4 COLLATE=utf8mb4_0900_ai_ci;

-- Dumping data for table student_marks.module_year: ~188 rows (approximately)
REPLACE INTO `module_year` (`id`, `module_id`, `year_start`, `semester_id`, `module_coordinator_id`) VALUES
	(74, 1, 2021, 1, 1),
	(75, 1, 2022, 1, 1),
	(76, 1, 2023, 1, 1),
	(77, 1, 2024, 1, 1),
	(78, 2, 2021, 1, 1),
	(79, 2, 2022, 1, 1),
	(80, 2, 2023, 1, 1),
	(81, 2, 2024, 1, 1),
	(82, 3, 2021, 1, 1),
	(83, 3, 2022, 1, 1),
	(84, 3, 2023, 1, 1),
	(85, 3, 2024, 1, 1),
	(86, 4, 2022, 2, 1),
	(87, 4, 2023, 2, 1),
	(88, 4, 2024, 2, 1),
	(89, 4, 2025, 2, 1),
	(90, 5, 2022, 2, 1),
	(91, 5, 2023, 2, 1),
	(92, 5, 2024, 2, 1),
	(93, 5, 2025, 2, 1),
	(94, 6, 2022, 1, 1),
	(95, 6, 2023, 1, 1),
	(96, 6, 2024, 1, 1),
	(97, 6, 2025, 1, 1),
	(98, 7, 2022, 1, 1),
	(99, 7, 2023, 1, 1),
	(100, 7, 2024, 1, 1),
	(101, 7, 2025, 1, 1),
	(102, 8, 2022, 1, 1),
	(103, 8, 2023, 1, 1),
	(104, 8, 2024, 1, 1),
	(105, 8, 2025, 1, 1),
	(106, 9, 2022, 1, 1),
	(107, 9, 2023, 1, 1),
	(108, 9, 2024, 1, 1),
	(109, 9, 2025, 1, 1),
	(110, 10, 2022, 1, 1),
	(111, 10, 2023, 1, 1),
	(112, 10, 2024, 1, 1),
	(113, 10, 2025, 1, 1),
	(114, 11, 2023, 2, 1),
	(115, 11, 2024, 2, 1),
	(116, 11, 2025, 2, 1),
	(117, 11, 2026, 2, 1),
	(118, 12, 2023, 2, 1),
	(119, 12, 2024, 2, 1),
	(120, 12, 2025, 2, 1),
	(121, 12, 2026, 2, 1),
	(122, 13, 2023, 2, 1),
	(123, 13, 2024, 2, 1),
	(124, 13, 2025, 2, 1),
	(125, 13, 2026, 2, 1),
	(126, 14, 2023, 2, 1),
	(127, 14, 2024, 2, 1),
	(128, 14, 2025, 2, 1),
	(129, 14, 2026, 2, 1),
	(130, 15, 2023, 2, 1),
	(131, 15, 2024, 2, 1),
	(132, 15, 2025, 2, 1),
	(133, 15, 2026, 2, 1),
	(134, 16, 2023, 2, 1),
	(135, 16, 2024, 2, 1),
	(136, 16, 2025, 2, 1),
	(137, 16, 2026, 2, 1),
	(138, 17, 2023, 1, 1),
	(139, 17, 2024, 1, 1),
	(140, 17, 2025, 1, 1),
	(141, 17, 2026, 1, 1),
	(142, 18, 2023, 1, 1),
	(143, 18, 2024, 1, 1),
	(144, 18, 2025, 1, 1),
	(145, 18, 2026, 1, 1),
	(146, 20, 2023, 1, 1),
	(147, 20, 2024, 1, 1),
	(148, 20, 2025, 1, 1),
	(149, 20, 2026, 1, 1),
	(150, 21, 2023, 1, 1),
	(151, 21, 2024, 1, 1),
	(152, 21, 2025, 1, 1),
	(153, 21, 2026, 1, 1),
	(154, 22, 2024, 2, 1),
	(155, 22, 2025, 2, 1),
	(156, 22, 2026, 2, 1),
	(157, 22, 2027, 2, 1),
	(158, 23, 2024, 2, 1),
	(159, 23, 2025, 2, 1),
	(160, 23, 2026, 2, 1),
	(161, 23, 2027, 2, 1),
	(162, 24, 2024, 2, 1),
	(163, 24, 2025, 2, 1),
	(164, 24, 2026, 2, 1),
	(165, 24, 2027, 2, 1),
	(166, 25, 2024, 2, 1),
	(167, 25, 2025, 2, 1),
	(168, 25, 2026, 2, 1),
	(169, 25, 2027, 2, 1),
	(170, 26, 2024, 2, 1),
	(171, 26, 2025, 2, 1),
	(172, 26, 2026, 2, 1),
	(173, 26, 2027, 2, 1),
	(174, 27, 2024, 2, 1),
	(175, 27, 2025, 2, 1),
	(176, 27, 2026, 2, 1),
	(177, 27, 2027, 2, 1),
	(178, 46, 2021, 1, 1),
	(179, 46, 2022, 1, 1),
	(180, 46, 2023, 1, 1),
	(181, 46, 2024, 1, 1),
	(182, 82, 2021, 1, 1),
	(183, 82, 2022, 1, 1),
	(184, 82, 2023, 1, 1),
	(185, 82, 2024, 1, 1),
	(186, 85, 2021, 1, 1),
	(187, 85, 2022, 1, 1),
	(188, 85, 2023, 1, 1),
	(189, 85, 2024, 1, 1),
	(190, 88, 2022, 2, 1),
	(191, 88, 2023, 2, 1),
	(192, 88, 2024, 2, 1),
	(193, 88, 2025, 2, 1),
	(194, 91, 2022, 1, 1),
	(195, 91, 2023, 1, 1),
	(196, 91, 2024, 1, 1),
	(197, 91, 2025, 1, 1),
	(198, 94, 2022, 1, 1),
	(199, 94, 2023, 1, 1),
	(200, 94, 2024, 1, 1),
	(201, 94, 2025, 1, 1),
	(202, 97, 2022, 1, 1),
	(203, 97, 2023, 1, 1),
	(204, 97, 2024, 1, 1),
	(205, 97, 2025, 1, 1),
	(206, 100, 2023, 2, 1),
	(207, 100, 2024, 2, 1),
	(208, 100, 2025, 2, 1),
	(209, 100, 2026, 2, 1),
	(210, 103, 2023, 2, 1),
	(211, 103, 2024, 2, 1),
	(212, 103, 2025, 2, 1),
	(213, 103, 2026, 2, 1),
	(214, 106, 2023, 2, 1),
	(215, 106, 2024, 2, 1),
	(216, 106, 2025, 2, 1),
	(217, 106, 2026, 2, 1),
	(218, 109, 2023, 2, 1),
	(219, 109, 2024, 2, 1),
	(220, 109, 2025, 2, 1),
	(221, 109, 2026, 2, 1),
	(222, 112, 2023, 2, 1),
	(223, 112, 2024, 2, 1),
	(224, 112, 2025, 2, 1),
	(225, 112, 2026, 2, 1),
	(226, 115, 2023, 2, 1),
	(227, 115, 2024, 2, 1),
	(228, 115, 2025, 2, 1),
	(229, 115, 2026, 2, 1),
	(230, 118, 2023, 2, 1),
	(231, 118, 2024, 2, 1),
	(232, 118, 2025, 2, 1),
	(233, 118, 2026, 2, 1),
	(234, 121, 2023, 1, 1),
	(235, 121, 2024, 1, 1),
	(236, 121, 2025, 1, 1),
	(237, 121, 2026, 1, 1),
	(238, 124, 2023, 1, 1),
	(239, 124, 2024, 1, 1),
	(240, 124, 2025, 1, 1),
	(241, 124, 2026, 1, 1),
	(242, 133, 2023, 1, 1),
	(243, 133, 2024, 1, 1),
	(244, 133, 2025, 1, 1),
	(245, 133, 2026, 1, 1),
	(246, 127, 2024, 2, 1),
	(247, 127, 2025, 2, 1),
	(248, 127, 2026, 2, 1),
	(249, 127, 2027, 2, 1),
	(250, 130, 2024, 2, 1),
	(251, 130, 2025, 2, 1),
	(252, 130, 2026, 2, 1),
	(253, 130, 2027, 2, 1),
	(254, 139, 2024, 2, 1),
	(255, 139, 2025, 2, 1),
	(256, 139, 2026, 2, 1),
	(257, 139, 2027, 2, 1),
	(258, 136, 2023, 4, 1),
	(259, 136, 2024, 4, 1),
	(260, 136, 2025, 4, 1),
	(261, 136, 2026, 4, 1);

-- Dumping structure for table student_marks.qualification_level
CREATE TABLE IF NOT EXISTS `qualification_level` (
  `id` int NOT NULL AUTO_INCREMENT,
  `level_id` int DEFAULT NULL,
  `qualification` varchar(45) DEFAULT NULL,
  PRIMARY KEY (`id`),
  UNIQUE KEY `id_UNIQUE` (`id`),
  UNIQUE KEY `qualification_UNIQUE` (`qualification`),
  KEY `fk_course_level_level` (`level_id`)
) ENGINE=InnoDB AUTO_INCREMENT=18 DEFAULT CHARSET=utf8mb4 COLLATE=utf8mb4_0900_ai_ci;

-- Dumping data for table student_marks.qualification_level: ~14 rows (approximately)
REPLACE INTO `qualification_level` (`id`, `level_id`, `qualification`) VALUES
	(3, 1, 'BA'),
	(4, 1, 'BSc'),
	(5, 1, 'BEd'),
	(6, 2, 'MA'),
	(7, 2, 'MSc'),
	(8, 2, 'MEng'),
	(9, 2, 'MFA'),
	(10, 2, 'LLM'),
	(11, 3, 'EdD'),
	(12, 3, 'DBA'),
	(13, 3, 'EngD'),
	(14, 3, 'Psy.D.'),
	(15, 3, 'DProf'),
	(16, 1, 'BMus'),
	(17, 2, 'MRes');

-- Dumping structure for table student_marks.role
CREATE TABLE IF NOT EXISTS `role` (
  `id` int NOT NULL AUTO_INCREMENT,
  `name` varchar(45) CHARACTER SET utf8mb4 COLLATE utf8mb4_0900_ai_ci NOT NULL,
  PRIMARY KEY (`id`,`name`) USING BTREE,
  UNIQUE KEY `id_UNIQUE` (`id`)
) ENGINE=InnoDB AUTO_INCREMENT=4 DEFAULT CHARSET=utf8mb4 COLLATE=utf8mb4_0900_ai_ci;

-- Dumping data for table student_marks.role: ~3 rows (approximately)
REPLACE INTO `role` (`id`, `name`) VALUES
	(1, 'Admin'),
	(2, 'Teacher'),
	(3, 'Super User');

-- Dumping structure for table student_marks.school
CREATE TABLE IF NOT EXISTS `school` (
  `id` int NOT NULL AUTO_INCREMENT,
  `school_name` varchar(100) CHARACTER SET utf8mb4 COLLATE utf8mb4_0900_ai_ci NOT NULL,
  PRIMARY KEY (`id`),
  UNIQUE KEY `id_UNIQUE` (`id`)
) ENGINE=InnoDB AUTO_INCREMENT=16 DEFAULT CHARSET=utf8mb4 COLLATE=utf8mb4_0900_ai_ci;

-- Dumping data for table student_marks.school: ~15 rows (approximately)
REPLACE INTO `school` (`id`, `school_name`) VALUES
	(1, 'School of Arts, English and Languages'),
	(2, 'School of History and Anthropology, Philosophy and Politics'),
	(3, 'School of Law'),
	(4, 'Queen\'s Business School'),
	(5, 'School of Social Sciences, Education and Social Work'),
	(6, 'School of Chemistry and Chemical Engineering'),
	(7, 'School of Electonics, Electrical Engineering and Computer Science'),
	(8, 'School of Mathematics and Physics'),
	(9, 'School of Mechanical and Aerospace Engineering'),
	(10, 'School of Natural and Built Environment'),
	(11, 'School of Psychology'),
	(12, 'School of Biological Sciences'),
	(13, 'School of Medicine, Dentistry and Biomedical Sciences'),
	(14, 'School of Nursing and Midwifery'),
	(15, 'School of Pharmacy');

-- Dumping structure for table student_marks.semester
CREATE TABLE IF NOT EXISTS `semester` (
  `id` int NOT NULL AUTO_INCREMENT,
  `name` varchar(45) DEFAULT NULL,
  PRIMARY KEY (`id`),
  UNIQUE KEY `id_UNIQUE` (`id`),
  UNIQUE KEY `name_UNIQUE` (`name`)
) ENGINE=InnoDB AUTO_INCREMENT=5 DEFAULT CHARSET=utf8mb4 COLLATE=utf8mb4_0900_ai_ci;

-- Dumping data for table student_marks.semester: ~4 rows (approximately)
REPLACE INTO `semester` (`id`, `name`) VALUES
	(1, 'Autumn'),
	(4, 'Full Year'),
	(2, 'Spring'),
	(3, 'Summer');

-- Dumping structure for table student_marks.student
CREATE TABLE IF NOT EXISTS `student` (
  `id` int NOT NULL AUTO_INCREMENT,
  `forename` varchar(255) NOT NULL,
  `surname` varchar(255) NOT NULL,
  `student_code` varchar(50) CHARACTER SET utf8mb4 COLLATE utf8mb4_0900_ai_ci DEFAULT NULL,
  `email` varchar(255) NOT NULL,
  PRIMARY KEY (`id`),
  UNIQUE KEY `id_UNIQUE` (`id`),
  UNIQUE KEY `email_UNIQUE` (`email`)
) ENGINE=InnoDB AUTO_INCREMENT=116 DEFAULT CHARSET=utf8mb4 COLLATE=utf8mb4_0900_ai_ci;

-- Dumping data for table student_marks.student: ~115 rows (approximately)
REPLACE INTO `student` (`id`, `forename`, `surname`, `student_code`, `email`) VALUES
	(1, 'Tom', 'Brown', 'S00000', 'tom.brown@email.com'),
	(2, 'Mark', 'Eitzel', 'S00001', 'mark.eitzel@email.com'),
	(3, 'David', 'Thomas', 'S00002', 'david.thomas@email.com'),
	(4, 'John', 'Martyn', 'S00003', 'john.martyn@email.com'),
	(5, 'Leonard', 'Cohen', 'S00004', 'leonard.cohen@email.com'),
	(6, 'Richard', 'Dawson', 'S00005', 'richard.dawson@email.com'),
	(7, 'Bruno', 'Schultz', 'S00006', 'brun.schultz@email.com'),
	(8, 'David', 'Tibet', 'S00007', 'david.tibet@email.com'),
	(9, 'Carissa', 'Weird', 'S00008', 'carissa.weird@email.com'),
	(10, 'John', 'Thomas', 'S00009', 'john.thomas@email.com'),
	(11, 'Sam', 'Rice', 'S00010', 'sam.rice@email.com'),
	(12, 'Alan', 'Anderson', 'S00011', 'alan.anderson@email.com'),
	(13, 'Betty', 'Anderson', 'S00012', 'betty.anderson@email.com'),
	(14, 'Claire', 'Anderson', 'S00013', 'claire.anderson@email.com'),
	(15, 'Declan', 'Anderson', 'S00014', 'declan.anderson@email.com'),
	(16, 'Emma', 'Anderson', 'S00015', 'emma.anderson@email.com'),
	(17, 'Frank', 'Anderson', 'S00016', 'frank.anderson@email.com'),
	(18, 'Gabby', 'Anderson', 'S00017', 'gabby.anderson@email.com'),
	(19, 'Harry', 'Anderson', 'S00018', 'harry.anderson@email.com'),
	(20, 'Ignacio', 'Anderson', 'S00019', 'ignacio.anderson@email.com'),
	(21, 'Jamie', 'Anderson', 'S00020', 'jamie.anderson@email.com'),
	(22, 'Kelly', 'Anderson', 'S00021', 'kelly.anderson@email.com'),
	(23, 'Liam', 'Anderson', 'S00022', 'liam.anderson@email.com'),
	(24, 'Molly', 'Anderson', 'S00023', 'molly.anderson@email.com'),
	(25, 'Nick', 'Anderson', 'S00024', 'nick.anderson@email.com'),
	(26, 'Oliver', 'Anderson', 'S00025', 'oliver.anderson@email.com'),
	(27, 'Peter', 'Anderson', 'S00026', 'peter.anderson@email.com'),
	(28, 'Quinton', 'Anderson', 'S00027', 'quinton.anderson@email.com'),
	(29, 'Ryan', 'Anderson', 'S00028', 'ryan.anderson@email.com'),
	(30, 'Sally', 'Anderson', 'S00029', 'sally.anderson@email.com'),
	(31, 'Trevor', 'Anderson', 'S00030', 'trevor.anderson@email.com'),
	(32, 'Ursula', 'Anderson', 'S00031', 'ursula.anderson@email.com'),
	(33, 'Victor', 'Anderson', 'S00032', 'victor.anderson@email.com'),
	(34, 'William', 'Anderson', 'S00033', 'william.anderson@email.com'),
	(35, 'Xander', 'Anderson', 'S00034', 'xander.anderson@email.com'),
	(36, 'Yasmine', 'Anderson', 'S00035', 'yasmine.anderson@email.com'),
	(37, 'Zach', 'Anderson', 'S00036', 'zach.anderson@email.com'),
	(38, 'Alan', 'Benson', 'S00037', 'alan.benson@email.com'),
	(39, 'Betty', 'Benson', 'S00038', 'betty.benson@email.com'),
	(40, 'Claire', 'Benson', 'S00039', 'claire.benson@email.com'),
	(41, 'Declan', 'Benson', 'S00040', 'declan.benson@email.com'),
	(42, 'Emma', 'Benson', 'S00041', 'emma.benson@email.com'),
	(43, 'Frank', 'Benson', 'S00042', 'frank.benson@email.com'),
	(44, 'Gabby', 'Benson', 'S00043', 'gabby.benson@email.com'),
	(45, 'Harry', 'Benson', 'S00044', 'harry.benson@email.com'),
	(46, 'Ignacio', 'Benson', 'S00045', 'ignacio.benson@email.com'),
	(47, 'Jamie', 'Benson', 'S00046', 'jamie.benson@email.com'),
	(48, 'Kelly', 'Benson', 'S00047', 'kelly.benson@email.com'),
	(49, 'Liam', 'Benson', 'S00048', 'liam.benson@email.com'),
	(50, 'Molly', 'Benson', 'S00049', 'molly.benson@email.com'),
	(51, 'Nick', 'Benson', 'S00050', 'nick.benson@email.com'),
	(52, 'Oliver', 'Benson', 'S00051', 'oliver.benson@email.com'),
	(53, 'Peter', 'Benson', 'S00052', 'peter.benson@email.com'),
	(54, 'Quinton', 'Benson', 'S00053', 'quinton.benson@email.com'),
	(55, 'Ryan', 'Benson', 'S00054', 'ryan.benson@email.com'),
	(56, 'Sally', 'Benson', 'S00055', 'sally.benson@email.com'),
	(57, 'Trevor', 'Benson', 'S00056', 'trevor.benson@email.com'),
	(58, 'Ursula', 'Benson', 'S00057', 'ursula.benson@email.com'),
	(59, 'Victor', 'Benson', 'S00058', 'victor.benson@email.com'),
	(60, 'William', 'Benson', 'S00059', 'william.benson@email.com'),
	(61, 'Xander', 'Benson', 'S00060', 'xander.benson@email.com'),
	(62, 'Yasmine', 'Benson', 'S00061', 'yasmine.benson@email.com'),
	(63, 'Zach', 'Benson', 'S00062', 'zach.benson@email.com'),
	(64, 'Alan', 'Crilly', 'S00063', 'alan.crilly@email.com'),
	(65, 'Betty', 'Crilly', 'S00064', 'betty.crilly@email.com'),
	(66, 'Claire', 'Crilly', 'S00065', 'claire.crilly@email.com'),
	(67, 'Declan', 'Crilly', 'S00066', 'declan.crilly@email.com'),
	(68, 'Emma', 'Crilly', 'S00067', 'emma.crilly@email.com'),
	(69, 'Frank', 'Crilly', 'S00068', 'frank.crilly@email.com'),
	(70, 'Gabby', 'Crilly', 'S00069', 'gabby.crilly@email.com'),
	(71, 'Harry', 'Crilly', 'S00070', 'harry.crilly@email.com'),
	(72, 'Ignacio', 'Crilly', 'S00071', 'ignacio.crilly@email.com'),
	(73, 'Jamie', 'Crilly', 'S00072', 'jamie.crilly@email.com'),
	(74, 'Kelly', 'Crilly', 'S00073', 'kelly.crilly@email.com'),
	(75, 'Liam', 'Crilly', 'S00074', 'liam.crilly@email.com'),
	(76, 'Molly', 'Crilly', 'S00075', 'molly.crilly@email.com'),
	(77, 'Nick', 'Crilly', 'S00076', 'nick.crilly@email.com'),
	(78, 'Oliver', 'Crilly', 'S00077', 'oliver.crilly@email.com'),
	(79, 'Peter', 'Crilly', 'S00078', 'peter.crilly@email.com'),
	(80, 'Quinton', 'Crilly', 'S00079', 'quinton.crilly@email.com'),
	(81, 'Ryan', 'Crilly', 'S00080', 'ryan.crilly@email.com'),
	(82, 'Sally', 'Crilly', 'S00081', 'sally.crilly@email.com'),
	(83, 'Trevor', 'Crilly', 'S00082', 'trevor.crilly@email.com'),
	(84, 'Ursula', 'Crilly', 'S00083', 'ursula.crilly@email.com'),
	(85, 'Victor', 'Crilly', 'S00084', 'victor.crilly@email.com'),
	(86, 'William', 'Crilly', 'S00085', 'william.crilly@email.com'),
	(87, 'Xander', 'Crilly', 'S00086', 'xander.crilly@email.com'),
	(88, 'Yasmine', 'Crilly', 'S00087', 'yasmine.crilly@email.com'),
	(89, 'Zach', 'Crilly', 'S00088', 'zach.crilly@email.com'),
	(90, 'Alan', 'Daniels', 'S00089', 'alan.daniels@email.com'),
	(91, 'Betty', 'Daniels', 'S00090', 'betty.daniels@email.com'),
	(92, 'Claire', 'Daniels', 'S00091', 'claire.daniels@email.com'),
	(93, 'Declan', 'Daniels', 'S00092', 'declan.daniels@email.com'),
	(94, 'Emma', 'Daniels', 'S00093', 'emma.daniels@email.com'),
	(95, 'Frank', 'Daniels', 'S00094', 'frank.daniels@email.com'),
	(96, 'Gabby', 'Daniels', 'S00095', 'gabby.daniels@email.com'),
	(97, 'Harry', 'Daniels', 'S00096', 'harry.daniels@email.com'),
	(98, 'Ignacio', 'Daniels', 'S00097', 'ignacio.daniels@email.com'),
	(99, 'Jamie', 'Daniels', 'S00098', 'jamie.daniels@email.com'),
	(100, 'Kelly', 'Daniels', 'S00099', 'kelly.daniels@email.com'),
	(101, 'Liam', 'Daniels', 'S00100', 'liam.daniels@email.com'),
	(102, 'Molly', 'Daniels', 'S00101', 'molly.daniels@email.com'),
	(103, 'Nick', 'Daniels', 'S00102', 'nick.daniels@email.com'),
	(104, 'Oliver', 'Daniels', 'S00103', 'oliver.daniels@email.com'),
	(105, 'Peter', 'Daniels', 'S00104', 'peter.daniels@email.com'),
	(106, 'Quinton', 'Daniels', 'S00105', 'quinton.daniels@email.com'),
	(107, 'Ryan', 'Daniels', 'S00106', 'ryan.daniels@email.com'),
	(108, 'Sally', 'Daniels', 'S00107', 'sally.daniels@email.com'),
	(109, 'Trevor', 'Daniels', 'S00108', 'trevor.daniels@email.com'),
	(110, 'Ursula', 'Daniels', 'S00109', 'ursula.daniels@email.com'),
	(111, 'Victor', 'Daniels', 'S00110', 'victor.daniels@email.com'),
	(112, 'William', 'Daniels', 'S00111', 'william.daniels@email.com'),
	(113, 'Xander', 'Daniels', 'S00112', 'xander.daniels@email.com'),
	(114, 'Yasmine', 'Daniels', 'S00113', 'yasmine.daniels@email.com'),
	(115, 'Zach', 'Daniels', 'S00114', 'zach.daniels@email.com');

-- Dumping structure for table student_marks.student_course
CREATE TABLE IF NOT EXISTS `student_course` (
  `id` int NOT NULL AUTO_INCREMENT,
  `student_id` int NOT NULL,
  `course_id` int NOT NULL,
  `course_year_id` int DEFAULT NULL,
  `archived` tinyint(1) unsigned zerofill NOT NULL,
  PRIMARY KEY (`id`),
  UNIQUE KEY `id_UNIQUE` (`id`),
  KEY `fk_student_course_student` (`student_id`) USING BTREE,
  KEY `fk_student_course_course` (`course_id`) USING BTREE,
  KEY `fk_student_course_year` (`course_year_id`),
  CONSTRAINT `fk_student_course_course` FOREIGN KEY (`course_id`) REFERENCES `course` (`id`),
  CONSTRAINT `fk_student_course_student` FOREIGN KEY (`student_id`) REFERENCES `student` (`id`),
  CONSTRAINT `fk_student_course_year` FOREIGN KEY (`course_year_id`) REFERENCES `course_year` (`id`)
) ENGINE=InnoDB AUTO_INCREMENT=135 DEFAULT CHARSET=utf8mb4 COLLATE=utf8mb4_0900_ai_ci;

-- Dumping data for table student_marks.student_course: ~115 rows (approximately)
REPLACE INTO `student_course` (`id`, `student_id`, `course_id`, `course_year_id`, `archived`) VALUES
	(19, 1, 1, 1, 0),
	(20, 2, 1, 1, 0),
	(21, 3, 1, 1, 0),
	(22, 4, 1, 1, 0),
	(23, 5, 1, 1, 0),
	(24, 6, 1, 1, 0),
	(25, 7, 1, 1, 0),
	(26, 8, 1, 1, 0),
	(27, 9, 1, 1, 0),
	(28, 10, 1, 1, 0),
	(29, 11, 1, 1, 0),
	(30, 12, 1, 1, 0),
	(31, 13, 1, 1, 0),
	(32, 14, 1, 1, 0),
	(33, 15, 1, 1, 0),
	(34, 16, 1, 1, 0),
	(35, 17, 1, 1, 0),
	(36, 18, 1, 1, 0),
	(37, 19, 1, 1, 0),
	(38, 20, 1, 1, 0),
	(39, 21, 1, 1, 0),
	(40, 22, 1, 1, 0),
	(41, 23, 1, 1, 0),
	(42, 24, 1, 1, 0),
	(43, 25, 1, 1, 0),
	(44, 26, 1, 1, 0),
	(45, 27, 1, 1, 0),
	(46, 28, 1, 1, 0),
	(47, 29, 1, 1, 0),
	(48, 30, 1, 1, 0),
	(49, 31, 1, 1, 0),
	(50, 32, 1, 1, 0),
	(51, 33, 1, 1, 0),
	(52, 34, 1, 1, 0),
	(53, 35, 1, 1, 0),
	(54, 36, 1, 1, 0),
	(55, 37, 1, 1, 0),
	(56, 38, 1, 1, 0),
	(57, 39, 1, 1, 0),
	(58, 40, 1, 1, 0),
	(59, 41, 1, 1, 0),
	(60, 42, 1, 1, 0),
	(61, 43, 1, 1, 0),
	(62, 44, 1, 1, 0),
	(63, 45, 1, 1, 0),
	(64, 46, 1, 1, 0),
	(65, 47, 1, 1, 0),
	(66, 48, 1, 1, 0),
	(67, 49, 1, 1, 0),
	(68, 50, 1, 1, 0),
	(69, 51, 1, 1, 0),
	(70, 52, 1, 1, 0),
	(71, 53, 1, 1, 0),
	(72, 54, 1, 1, 0),
	(73, 55, 1, 1, 0),
	(74, 56, 1, 1, 0),
	(75, 57, 1, 1, 0),
	(76, 58, 1, 1, 0),
	(77, 59, 1, 1, 0),
	(78, 60, 1, 1, 0),
	(79, 61, 1, 1, 0),
	(80, 62, 1, 1, 0),
	(81, 63, 1, 1, 0),
	(82, 64, 1, 1, 0),
	(83, 65, 1, 1, 0),
	(84, 66, 1, 1, 0),
	(85, 67, 1, 1, 0),
	(86, 68, 1, 1, 0),
	(87, 69, 1, 1, 0),
	(88, 70, 1, 1, 0),
	(89, 71, 1, 1, 0),
	(90, 72, 1, 1, 0),
	(91, 73, 1, 1, 0),
	(92, 74, 1, 1, 0),
	(93, 75, 1, 1, 0),
	(94, 76, 1, 1, 0),
	(95, 77, 1, 1, 0),
	(96, 78, 1, 1, 0),
	(97, 79, 1, 1, 0),
	(98, 80, 1, 1, 0),
	(99, 81, 1, 1, 0),
	(100, 82, 1, 1, 0),
	(101, 83, 1, 1, 0),
	(102, 84, 1, 1, 0),
	(103, 85, 1, 1, 0),
	(104, 86, 1, 1, 0),
	(105, 87, 1, 1, 0),
	(106, 88, 1, 1, 0),
	(107, 89, 1, 1, 0),
	(108, 90, 1, 1, 0),
	(109, 91, 1, 1, 0),
	(110, 92, 1, 1, 0),
	(111, 93, 1, 1, 0),
	(112, 94, 1, 1, 0),
	(113, 95, 1, 1, 0),
	(114, 96, 1, 1, 0),
	(115, 97, 1, 1, 0),
	(116, 98, 1, 1, 0),
	(117, 99, 1, 1, 0),
	(118, 100, 1, 1, 0),
	(119, 101, 1, 1, 0),
	(120, 102, 1, 1, 0),
	(121, 103, 1, 1, 0),
	(122, 104, 1, 1, 0),
	(123, 105, 1, 1, 0),
	(124, 106, 1, 1, 0),
	(125, 107, 1, 1, 0),
	(126, 108, 1, 1, 0),
	(127, 109, 1, 1, 0),
	(128, 110, 1, 1, 0),
	(129, 111, 1, 1, 0),
	(130, 112, 1, 1, 0),
	(131, 113, 1, 1, 0),
	(132, 114, 1, 1, 0),
	(133, 115, 1, 1, 0),
	(134, 1, 2, 5, 0);

-- Dumping structure for table student_marks.student_module
CREATE TABLE IF NOT EXISTS `student_module` (
  `id` int NOT NULL AUTO_INCREMENT,
  `student_id` int NOT NULL,
  `module_id` int NOT NULL,
  `result` int DEFAULT NULL,
  `flagged` tinyint(1) unsigned zerofill NOT NULL,
  `module_year_id` int NOT NULL,
  `resit` tinyint(1) unsigned zerofill DEFAULT NULL,
  PRIMARY KEY (`id`),
  UNIQUE KEY `id_UNIQUE` (`id`),
  KEY `fk_student_module_student` (`student_id`),
  KEY `fk_student_module_module` (`module_id`),
  KEY `fk_student_module_module_year` (`module_year_id`),
  CONSTRAINT `fk_student_module_module` FOREIGN KEY (`module_id`) REFERENCES `module` (`id`),
  CONSTRAINT `fk_student_module_module_year` FOREIGN KEY (`module_year_id`) REFERENCES `module_year` (`id`),
  CONSTRAINT `fk_student_module_student` FOREIGN KEY (`student_id`) REFERENCES `student` (`id`)
) ENGINE=InnoDB AUTO_INCREMENT=3027 DEFAULT CHARSET=utf8mb4 COLLATE=utf8mb4_0900_ai_ci;

-- Dumping data for table student_marks.student_module: ~2,990 rows (approximately)
REPLACE INTO `student_module` (`id`, `student_id`, `module_id`, `result`, `flagged`, `module_year_id`, `resit`) VALUES
	(37, 1, 1, 67, 0, 74, 0),
	(38, 1, 2, 43, 0, 78, 0),
	(39, 1, 3, 45, 0, 82, 0),
	(40, 1, 4, 66, 0, 86, 0),
	(41, 1, 5, 69, 0, 90, 0),
	(42, 1, 6, 69, 0, 94, 0),
	(43, 1, 7, 25, 0, 98, 0),
	(44, 1, 8, 40, 0, 102, 0),
	(45, 1, 9, 19, 1, 106, 0),
	(46, 1, 10, 70, 0, 110, 0),
	(47, 1, 11, 78, 0, 114, 0),
	(48, 1, 12, 6, 0, 118, 0),
	(49, 1, 13, 58, 0, 122, 0),
	(50, 1, 14, 56, 0, 126, 0),
	(51, 1, 15, 7, 0, 130, 0),
	(52, 1, 16, 48, 0, 134, 0),
	(53, 1, 17, 60, 0, 138, 0),
	(54, 1, 18, 60, 0, 142, 0),
	(55, 1, 20, 66, 0, 146, 0),
	(56, 1, 21, 50, 0, 150, 0),
	(57, 1, 22, 18, 0, 154, 0),
	(58, 1, 23, 20, 0, 158, 0),
	(59, 1, 24, 67, 0, 162, 0),
	(60, 1, 25, 31, 0, 166, 0),
	(61, 1, 26, 32, 0, 170, 0),
	(62, 1, 27, 16, 0, 174, 0),
	(63, 2, 1, 73, 0, 74, 0),
	(64, 2, 2, 99, 0, 78, 0),
	(65, 2, 3, 62, 0, 82, 0),
	(66, 2, 4, 91, 0, 86, 0),
	(67, 2, 5, 41, 0, 90, 0),
	(68, 2, 6, 64, 0, 94, 0),
	(69, 2, 7, 63, 0, 98, 0),
	(70, 2, 8, 81, 0, 102, 0),
	(71, 2, 9, 41, 0, 106, 0),
	(72, 2, 10, 93, 0, 110, 0),
	(73, 2, 11, 57, 0, 114, 0),
	(74, 2, 12, 62, 0, 118, 0),
	(75, 2, 13, 38, 0, 122, 0),
	(76, 2, 14, 93, 0, 126, 0),
	(77, 2, 15, 91, 0, 130, 0),
	(78, 2, 16, 33, 0, 134, 0),
	(79, 2, 17, 32, 0, 138, 0),
	(80, 2, 18, 24, 0, 142, 0),
	(81, 2, 20, 61, 0, 146, 0),
	(82, 2, 21, 88, 0, 150, 0),
	(83, 2, 22, 86, 0, 154, 0),
	(84, 2, 23, 49, 0, 158, 0),
	(85, 2, 24, 64, 0, 162, 0),
	(86, 2, 25, 21, 0, 166, 0),
	(87, 2, 26, 90, 0, 170, 0),
	(88, 2, 27, 81, 0, 174, 0),
	(89, 3, 1, 48, 0, 74, 0),
	(90, 3, 2, 21, 0, 78, 0),
	(91, 3, 3, 52, 0, 82, 0),
	(92, 3, 4, 6, 0, 86, 0),
	(93, 3, 5, 10, 0, 90, 0),
	(94, 3, 6, 6, 0, 94, 0),
	(95, 3, 7, 43, 0, 98, 0),
	(96, 3, 8, 63, 0, 102, 0),
	(97, 3, 9, 28, 0, 106, 0),
	(98, 3, 10, 2, 0, 110, 0),
	(99, 3, 11, 46, 0, 114, 0),
	(100, 3, 12, 82, 0, 118, 0),
	(101, 3, 13, 85, 0, 122, 0),
	(102, 3, 14, 38, 0, 126, 0),
	(103, 3, 15, 24, 0, 130, 0),
	(104, 3, 16, 34, 0, 134, 0),
	(105, 3, 17, 25, 0, 138, 0),
	(106, 3, 18, 55, 0, 142, 0),
	(107, 3, 20, 66, 0, 146, 0),
	(108, 3, 21, 63, 0, 150, 0),
	(109, 3, 22, 52, 0, 154, 0),
	(110, 3, 23, 93, 0, 158, 0),
	(111, 3, 24, 64, 0, 162, 0),
	(112, 3, 25, 93, 0, 166, 0),
	(113, 3, 26, 67, 0, 170, 0),
	(114, 3, 27, 19, 0, 174, 0),
	(115, 4, 1, 82, 0, 74, 0),
	(116, 4, 2, 61, 0, 78, 0),
	(117, 4, 3, 23, 0, 82, 0),
	(118, 4, 4, 92, 0, 86, 0),
	(119, 4, 5, 86, 0, 90, 0),
	(120, 4, 6, 7, 0, 94, 0),
	(121, 4, 7, 24, 0, 98, 0),
	(122, 4, 8, 53, 0, 102, 0),
	(123, 4, 9, 45, 0, 106, 0),
	(124, 4, 10, 100, 0, 110, 0),
	(125, 4, 11, 13, 0, 114, 0),
	(126, 4, 12, 88, 0, 118, 0),
	(127, 4, 13, 31, 0, 122, 0),
	(128, 4, 14, 91, 0, 126, 0),
	(129, 4, 15, 66, 0, 130, 0),
	(130, 4, 16, 77, 0, 134, 0),
	(131, 4, 17, 50, 0, 138, 0),
	(132, 4, 18, 21, 0, 142, 0),
	(133, 4, 20, 52, 0, 146, 0),
	(134, 4, 21, 5, 0, 150, 0),
	(135, 4, 22, 14, 0, 154, 0),
	(136, 4, 23, 66, 0, 158, 0),
	(137, 4, 24, 52, 0, 162, 0),
	(138, 4, 25, 75, 0, 166, 0),
	(139, 4, 26, 6, 0, 170, 0),
	(140, 4, 27, 98, 0, 174, 0),
	(141, 5, 1, 25, 0, 74, 0),
	(142, 5, 2, 97, 0, 78, 0),
	(143, 5, 3, 86, 0, 82, 0),
	(144, 5, 4, 1, 0, 86, 0),
	(145, 5, 5, 44, 0, 90, 0),
	(146, 5, 6, 69, 0, 94, 0),
	(147, 5, 7, 29, 0, 98, 0),
	(148, 5, 8, 8, 0, 102, 0),
	(149, 5, 9, 92, 0, 106, 0),
	(150, 5, 10, 19, 0, 110, 0),
	(151, 5, 11, 15, 0, 114, 0),
	(152, 5, 12, 23, 0, 118, 0),
	(153, 5, 13, 58, 0, 122, 0),
	(154, 5, 14, 20, 0, 126, 0),
	(155, 5, 15, 38, 0, 130, 0),
	(156, 5, 16, 18, 0, 134, 0),
	(157, 5, 17, 28, 0, 138, 0),
	(158, 5, 18, 95, 0, 142, 0),
	(159, 5, 20, 93, 0, 146, 0),
	(160, 5, 21, 26, 0, 150, 0),
	(161, 5, 22, 8, 0, 154, 0),
	(162, 5, 23, 96, 0, 158, 0),
	(163, 5, 24, 37, 0, 162, 0),
	(164, 5, 25, 17, 0, 166, 0),
	(165, 5, 26, 15, 0, 170, 0),
	(166, 5, 27, 49, 0, 174, 0),
	(167, 6, 1, 2, 0, 74, 0),
	(168, 6, 2, 74, 0, 78, 0),
	(169, 6, 3, 34, 0, 82, 0),
	(170, 6, 4, 80, 0, 86, 0),
	(171, 6, 5, 87, 0, 90, 0),
	(172, 6, 6, 86, 0, 94, 0),
	(173, 6, 7, 87, 0, 98, 0),
	(174, 6, 8, 49, 0, 102, 0),
	(175, 6, 9, 42, 0, 106, 0),
	(176, 6, 10, 46, 0, 110, 0),
	(177, 6, 11, 66, 0, 114, 0),
	(178, 6, 12, 89, 0, 118, 0),
	(179, 6, 13, 97, 0, 122, 0),
	(180, 6, 14, 45, 0, 126, 0),
	(181, 6, 15, 46, 0, 130, 0),
	(182, 6, 16, 54, 0, 134, 0),
	(183, 6, 17, 21, 0, 138, 0),
	(184, 6, 18, 74, 0, 142, 0),
	(185, 6, 20, 9, 0, 146, 0),
	(186, 6, 21, 88, 0, 150, 0),
	(187, 6, 22, 21, 0, 154, 0),
	(188, 6, 23, 13, 0, 158, 0),
	(189, 6, 24, 2, 0, 162, 0),
	(190, 6, 25, 84, 0, 166, 0),
	(191, 6, 26, 27, 0, 170, 0),
	(192, 6, 27, 80, 0, 174, 0),
	(193, 7, 1, 48, 0, 74, 0),
	(194, 7, 2, 87, 0, 78, 0),
	(195, 7, 3, 91, 0, 82, 0),
	(196, 7, 4, 84, 0, 86, 0),
	(197, 7, 5, 95, 0, 90, 0),
	(198, 7, 6, 53, 0, 94, 0),
	(199, 7, 7, 4, 0, 98, 0),
	(200, 7, 8, 47, 0, 102, 0),
	(201, 7, 9, 37, 0, 106, 0),
	(202, 7, 10, 10, 0, 110, 0),
	(203, 7, 11, 22, 0, 114, 0),
	(204, 7, 12, 90, 0, 118, 0),
	(205, 7, 13, 53, 0, 122, 0),
	(206, 7, 14, 41, 0, 126, 0),
	(207, 7, 15, 31, 0, 130, 0),
	(208, 7, 16, 68, 0, 134, 0),
	(209, 7, 17, 51, 0, 138, 0),
	(210, 7, 18, 50, 0, 142, 0),
	(211, 7, 20, 24, 0, 146, 0),
	(212, 7, 21, 84, 0, 150, 0),
	(213, 7, 22, 44, 0, 154, 0),
	(214, 7, 23, 89, 0, 158, 0),
	(215, 7, 24, 62, 0, 162, 0),
	(216, 7, 25, 19, 0, 166, 0),
	(217, 7, 26, 10, 0, 170, 0),
	(218, 7, 27, 94, 0, 174, 0),
	(219, 8, 1, 84, 0, 74, 0),
	(220, 8, 2, 68, 0, 78, 0),
	(221, 8, 3, 9, 0, 82, 0),
	(222, 8, 4, 20, 0, 86, 0),
	(223, 8, 5, 11, 0, 90, 0),
	(224, 8, 6, 49, 0, 94, 0),
	(225, 8, 7, 98, 0, 98, 0),
	(226, 8, 8, 50, 0, 102, 0),
	(227, 8, 9, 12, 0, 106, 0),
	(228, 8, 10, 9, 0, 110, 0),
	(229, 8, 11, 88, 0, 114, 0),
	(230, 8, 12, 7, 0, 118, 0),
	(231, 8, 13, 18, 0, 122, 0),
	(232, 8, 14, 60, 0, 126, 0),
	(233, 8, 15, 80, 0, 130, 0),
	(234, 8, 16, 54, 0, 134, 0),
	(235, 8, 17, 61, 0, 138, 0),
	(236, 8, 18, 28, 0, 142, 0),
	(237, 8, 20, 40, 0, 146, 0),
	(238, 8, 21, 81, 0, 150, 0),
	(239, 8, 22, 74, 0, 154, 0),
	(240, 8, 23, 75, 0, 158, 0),
	(241, 8, 24, 45, 0, 162, 0),
	(242, 8, 25, 62, 0, 166, 0),
	(243, 8, 26, 83, 0, 170, 0),
	(244, 8, 27, 88, 0, 174, 0),
	(245, 9, 1, 91, 0, 74, 0),
	(246, 9, 2, 76, 0, 78, 0),
	(247, 9, 3, 70, 0, 82, 0),
	(248, 9, 4, 90, 0, 86, 0),
	(249, 9, 5, 55, 0, 90, 0),
	(250, 9, 6, 31, 0, 94, 0),
	(251, 9, 7, 6, 0, 98, 0),
	(252, 9, 8, 59, 0, 102, 0),
	(253, 9, 9, 85, 0, 106, 0),
	(254, 9, 10, 65, 0, 110, 0),
	(255, 9, 11, 78, 0, 114, 0),
	(256, 9, 12, 65, 0, 118, 0),
	(257, 9, 13, 65, 0, 122, 0),
	(258, 9, 14, 21, 0, 126, 0),
	(259, 9, 15, 27, 0, 130, 0),
	(260, 9, 16, 59, 0, 134, 0),
	(261, 9, 17, 36, 0, 138, 0),
	(262, 9, 18, 40, 0, 142, 0),
	(263, 9, 20, 65, 0, 146, 0),
	(264, 9, 21, 21, 0, 150, 0),
	(265, 9, 22, 48, 0, 154, 0),
	(266, 9, 23, 8, 0, 158, 0),
	(267, 9, 24, 10, 0, 162, 0),
	(268, 9, 25, 54, 0, 166, 0),
	(269, 9, 26, 26, 0, 170, 0),
	(270, 9, 27, 8, 0, 174, 0),
	(271, 10, 1, 95, 0, 74, 0),
	(272, 10, 2, 59, 0, 78, 0),
	(273, 10, 3, 35, 0, 82, 0),
	(274, 10, 4, 50, 0, 86, 0),
	(275, 10, 5, 71, 0, 90, 0),
	(276, 10, 6, 18, 0, 94, 0),
	(277, 10, 7, 60, 0, 98, 0),
	(278, 10, 8, 85, 0, 102, 0),
	(279, 10, 9, 78, 0, 106, 0),
	(280, 10, 10, 75, 0, 110, 0),
	(281, 10, 11, 23, 0, 114, 0),
	(282, 10, 12, 29, 0, 118, 0),
	(283, 10, 13, 66, 0, 122, 0),
	(284, 10, 14, 39, 0, 126, 0),
	(285, 10, 15, 68, 0, 130, 0),
	(286, 10, 16, 14, 0, 134, 0),
	(287, 10, 17, 96, 0, 138, 0),
	(288, 10, 18, 27, 0, 142, 0),
	(289, 10, 20, 53, 0, 146, 0),
	(290, 10, 21, 98, 0, 150, 0),
	(291, 10, 22, 88, 0, 154, 0),
	(292, 10, 23, 25, 0, 158, 0),
	(293, 10, 24, 92, 0, 162, 0),
	(294, 10, 25, 5, 0, 166, 0),
	(295, 10, 26, 33, 0, 170, 0),
	(296, 10, 27, 74, 0, 174, 0),
	(297, 11, 1, 3, 0, 74, 0),
	(298, 11, 2, 20, 0, 78, 0),
	(299, 11, 3, 65, 0, 82, 0),
	(300, 11, 4, 42, 0, 86, 0),
	(301, 11, 5, 48, 0, 90, 0),
	(302, 11, 6, 14, 0, 94, 0),
	(303, 11, 7, 77, 0, 98, 0),
	(304, 11, 8, 66, 0, 102, 0),
	(305, 11, 9, 81, 0, 106, 0),
	(306, 11, 10, 66, 0, 110, 0),
	(307, 11, 11, 16, 0, 114, 0),
	(308, 11, 12, 16, 0, 118, 0),
	(309, 11, 13, 54, 0, 122, 0),
	(310, 11, 14, 43, 0, 126, 0),
	(311, 11, 15, 62, 0, 130, 0),
	(312, 11, 16, 56, 0, 134, 0),
	(313, 11, 17, 82, 0, 138, 0),
	(314, 11, 18, 40, 0, 142, 0),
	(315, 11, 20, 63, 0, 146, 0),
	(316, 11, 21, 31, 0, 150, 0),
	(317, 11, 22, 91, 0, 154, 0),
	(318, 11, 23, 88, 0, 158, 0),
	(319, 11, 24, 47, 0, 162, 0),
	(320, 11, 25, 15, 0, 166, 0),
	(321, 11, 26, 49, 0, 170, 0),
	(322, 11, 27, 40, 0, 174, 0),
	(323, 12, 1, 35, 0, 74, 0),
	(324, 12, 2, 49, 0, 78, 0),
	(325, 12, 3, 73, 0, 82, 0),
	(326, 12, 4, 2, 0, 86, 0),
	(327, 12, 5, 61, 0, 90, 0),
	(328, 12, 6, 99, 0, 94, 0),
	(329, 12, 7, 72, 0, 98, 0),
	(330, 12, 8, 67, 0, 102, 0),
	(331, 12, 9, 57, 0, 106, 0),
	(332, 12, 10, 71, 0, 110, 0),
	(333, 12, 11, 79, 0, 114, 0),
	(334, 12, 12, 69, 0, 118, 0),
	(335, 12, 13, 30, 0, 122, 0),
	(336, 12, 14, 48, 0, 126, 0),
	(337, 12, 15, 95, 0, 130, 0),
	(338, 12, 16, 37, 0, 134, 0),
	(339, 12, 17, 65, 0, 138, 0),
	(340, 12, 18, 46, 0, 142, 0),
	(341, 12, 20, 18, 0, 146, 0),
	(342, 12, 21, 8, 0, 150, 0),
	(343, 12, 22, 64, 0, 154, 0),
	(344, 12, 23, 50, 0, 158, 0),
	(345, 12, 24, 70, 0, 162, 0),
	(346, 12, 25, 51, 0, 166, 0),
	(347, 12, 26, 55, 0, 170, 0),
	(348, 12, 27, 14, 0, 174, 0),
	(349, 13, 1, 20, 0, 74, 0),
	(350, 13, 2, 42, 0, 78, 0),
	(351, 13, 3, 33, 0, 82, 0),
	(352, 13, 4, 87, 0, 86, 0),
	(353, 13, 5, 76, 0, 90, 0),
	(354, 13, 6, 19, 0, 94, 0),
	(355, 13, 7, 84, 0, 98, 0),
	(356, 13, 8, 84, 0, 102, 0),
	(357, 13, 9, 52, 0, 106, 0),
	(358, 13, 10, 37, 0, 110, 0),
	(359, 13, 11, 91, 0, 114, 0),
	(360, 13, 12, 17, 0, 118, 0),
	(361, 13, 13, 53, 0, 122, 0),
	(362, 13, 14, 32, 0, 126, 0),
	(363, 13, 15, 26, 0, 130, 0),
	(364, 13, 16, 12, 0, 134, 0),
	(365, 13, 17, 7, 0, 138, 0),
	(366, 13, 18, 45, 0, 142, 0),
	(367, 13, 20, 26, 0, 146, 0),
	(368, 13, 21, 70, 0, 150, 0),
	(369, 13, 22, 44, 0, 154, 0),
	(370, 13, 23, 62, 0, 158, 0),
	(371, 13, 24, 95, 0, 162, 0),
	(372, 13, 25, 96, 0, 166, 0),
	(373, 13, 26, 74, 0, 170, 0),
	(374, 13, 27, 94, 0, 174, 0),
	(375, 14, 1, 8, 0, 74, 0),
	(376, 14, 2, 88, 0, 78, 0),
	(377, 14, 3, 13, 0, 82, 0),
	(378, 14, 4, 22, 0, 86, 0),
	(379, 14, 5, 78, 0, 90, 0),
	(380, 14, 6, 14, 0, 94, 0),
	(381, 14, 7, 34, 0, 98, 0),
	(382, 14, 8, 98, 0, 102, 0),
	(383, 14, 9, 79, 0, 106, 0),
	(384, 14, 10, 82, 0, 110, 0),
	(385, 14, 11, 97, 0, 114, 0),
	(386, 14, 12, 52, 0, 118, 0),
	(387, 14, 13, 85, 0, 122, 0),
	(388, 14, 14, 54, 0, 126, 0),
	(389, 14, 15, 87, 0, 130, 0),
	(390, 14, 16, 59, 0, 134, 0),
	(391, 14, 17, 50, 0, 138, 0),
	(392, 14, 18, 85, 0, 142, 0),
	(393, 14, 20, 73, 0, 146, 0),
	(394, 14, 21, 35, 0, 150, 0),
	(395, 14, 22, 88, 0, 154, 0),
	(396, 14, 23, 65, 0, 158, 0),
	(397, 14, 24, 67, 0, 162, 0),
	(398, 14, 25, 39, 0, 166, 0),
	(399, 14, 26, 3, 0, 170, 0),
	(400, 14, 27, 63, 0, 174, 0),
	(401, 15, 1, 59, 0, 74, 0),
	(402, 15, 2, 28, 0, 78, 0),
	(403, 15, 3, 25, 0, 82, 0),
	(404, 15, 4, 21, 0, 86, 0),
	(405, 15, 5, 16, 0, 90, 0),
	(406, 15, 6, 97, 0, 94, 0),
	(407, 15, 7, 60, 0, 98, 0),
	(408, 15, 8, 7, 0, 102, 0),
	(409, 15, 9, 54, 0, 106, 0),
	(410, 15, 10, 3, 0, 110, 0),
	(411, 15, 11, 94, 0, 114, 0),
	(412, 15, 12, 55, 0, 118, 0),
	(413, 15, 13, 44, 0, 122, 0),
	(414, 15, 14, 20, 0, 126, 0),
	(415, 15, 15, 69, 0, 130, 0),
	(416, 15, 16, 22, 0, 134, 0),
	(417, 15, 17, 86, 0, 138, 0),
	(418, 15, 18, 5, 0, 142, 0),
	(419, 15, 20, 83, 0, 146, 0),
	(420, 15, 21, 18, 0, 150, 0),
	(421, 15, 22, 33, 0, 154, 0),
	(422, 15, 23, 97, 0, 158, 0),
	(423, 15, 24, 76, 0, 162, 0),
	(424, 15, 25, 25, 0, 166, 0),
	(425, 15, 26, 8, 0, 170, 0),
	(426, 15, 27, 73, 0, 174, 0),
	(427, 16, 1, 7, 0, 74, 0),
	(428, 16, 2, 70, 0, 78, 0),
	(429, 16, 3, 19, 0, 82, 0),
	(430, 16, 4, 34, 0, 86, 0),
	(431, 16, 5, 18, 0, 90, 0),
	(432, 16, 6, 34, 0, 94, 0),
	(433, 16, 7, 33, 0, 98, 0),
	(434, 16, 8, 3, 0, 102, 0),
	(435, 16, 9, 87, 0, 106, 0),
	(436, 16, 10, 80, 0, 110, 0),
	(437, 16, 11, 24, 0, 114, 0),
	(438, 16, 12, 80, 0, 118, 0),
	(439, 16, 13, 18, 0, 122, 0),
	(440, 16, 14, 29, 0, 126, 0),
	(441, 16, 15, 57, 0, 130, 0),
	(442, 16, 16, 92, 0, 134, 0),
	(443, 16, 17, 70, 0, 138, 0),
	(444, 16, 18, 34, 0, 142, 0),
	(445, 16, 20, 79, 0, 146, 0),
	(446, 16, 21, 79, 0, 150, 0),
	(447, 16, 22, 34, 0, 154, 0),
	(448, 16, 23, 77, 0, 158, 0),
	(449, 16, 24, 82, 0, 162, 0),
	(450, 16, 25, 7, 0, 166, 0),
	(451, 16, 26, 37, 0, 170, 0),
	(452, 16, 27, 80, 0, 174, 0),
	(453, 17, 1, 44, 0, 74, 0),
	(454, 17, 2, 42, 0, 78, 0),
	(455, 17, 3, 31, 0, 82, 0),
	(456, 17, 4, 33, 0, 86, 0),
	(457, 17, 5, 15, 0, 90, 0),
	(458, 17, 6, 75, 0, 94, 0),
	(459, 17, 7, 25, 0, 98, 0),
	(460, 17, 8, 46, 0, 102, 0),
	(461, 17, 9, 15, 0, 106, 0),
	(462, 17, 10, 51, 0, 110, 0),
	(463, 17, 11, 74, 0, 114, 0),
	(464, 17, 12, 11, 0, 118, 0),
	(465, 17, 13, 33, 0, 122, 0),
	(466, 17, 14, 46, 0, 126, 0),
	(467, 17, 15, 67, 0, 130, 0),
	(468, 17, 16, 38, 0, 134, 0),
	(469, 17, 17, 85, 0, 138, 0),
	(470, 17, 18, 90, 0, 142, 0),
	(471, 17, 20, 74, 0, 146, 0),
	(472, 17, 21, 17, 0, 150, 0),
	(473, 17, 22, 83, 0, 154, 0),
	(474, 17, 23, 61, 0, 158, 0),
	(475, 17, 24, 77, 0, 162, 0),
	(476, 17, 25, 77, 0, 166, 0),
	(477, 17, 26, 29, 0, 170, 0),
	(478, 17, 27, 46, 0, 174, 0),
	(479, 18, 1, 94, 0, 74, 0),
	(480, 18, 2, 33, 0, 78, 0),
	(481, 18, 3, 41, 0, 82, 0),
	(482, 18, 4, 64, 0, 86, 0),
	(483, 18, 5, 17, 0, 90, 0),
	(484, 18, 6, 93, 0, 94, 0),
	(485, 18, 7, 99, 0, 98, 0),
	(486, 18, 8, 30, 0, 102, 0),
	(487, 18, 9, 53, 0, 106, 0),
	(488, 18, 10, 6, 0, 110, 0),
	(489, 18, 11, 31, 0, 114, 0),
	(490, 18, 12, 52, 0, 118, 0),
	(491, 18, 13, 93, 0, 122, 0),
	(492, 18, 14, 2, 0, 126, 0),
	(493, 18, 15, 5, 0, 130, 0),
	(494, 18, 16, 23, 0, 134, 0),
	(495, 18, 17, 15, 0, 138, 0),
	(496, 18, 18, 74, 0, 142, 0),
	(497, 18, 20, 66, 0, 146, 0),
	(498, 18, 21, 28, 0, 150, 0),
	(499, 18, 22, 38, 0, 154, 0),
	(500, 18, 23, 63, 0, 158, 0),
	(501, 18, 24, 68, 0, 162, 0),
	(502, 18, 25, 28, 0, 166, 0),
	(503, 18, 26, 22, 0, 170, 0),
	(504, 18, 27, 46, 0, 174, 0),
	(505, 19, 1, 94, 0, 74, 0),
	(506, 19, 2, 33, 0, 78, 0),
	(507, 19, 3, 61, 0, 82, 0),
	(508, 19, 4, 76, 0, 86, 0),
	(509, 19, 5, 33, 0, 90, 0),
	(510, 19, 6, 42, 0, 94, 0),
	(511, 19, 7, 3, 0, 98, 0),
	(512, 19, 8, 72, 0, 102, 0),
	(513, 19, 9, 14, 0, 106, 0),
	(514, 19, 10, 33, 0, 110, 0),
	(515, 19, 11, 47, 0, 114, 0),
	(516, 19, 12, 92, 0, 118, 0),
	(517, 19, 13, 94, 0, 122, 0),
	(518, 19, 14, 77, 0, 126, 0),
	(519, 19, 15, 23, 0, 130, 0),
	(520, 19, 16, 7, 0, 134, 0),
	(521, 19, 17, 44, 0, 138, 0),
	(522, 19, 18, 97, 0, 142, 0),
	(523, 19, 20, 38, 0, 146, 0),
	(524, 19, 21, 48, 0, 150, 0),
	(525, 19, 22, 4, 0, 154, 0),
	(526, 19, 23, 59, 0, 158, 0),
	(527, 19, 24, 1, 0, 162, 0),
	(528, 19, 25, 2, 0, 166, 0),
	(529, 19, 26, 45, 0, 170, 0),
	(530, 19, 27, 96, 0, 174, 0),
	(531, 20, 1, 17, 0, 74, 0),
	(532, 20, 2, 84, 0, 78, 0),
	(533, 20, 3, 62, 0, 82, 0),
	(534, 20, 4, 93, 0, 86, 0),
	(535, 20, 5, 69, 0, 90, 0),
	(536, 20, 6, 74, 0, 94, 0),
	(537, 20, 7, 48, 0, 98, 0),
	(538, 20, 8, 96, 0, 102, 0),
	(539, 20, 9, 93, 0, 106, 0),
	(540, 20, 10, 79, 0, 110, 0),
	(541, 20, 11, 24, 0, 114, 0),
	(542, 20, 12, 39, 0, 118, 0),
	(543, 20, 13, 84, 0, 122, 0),
	(544, 20, 14, 41, 0, 126, 0),
	(545, 20, 15, 17, 0, 130, 0),
	(546, 20, 16, 3, 0, 134, 0),
	(547, 20, 17, 32, 0, 138, 0),
	(548, 20, 18, 100, 0, 142, 0),
	(549, 20, 20, 89, 0, 146, 0),
	(550, 20, 21, 22, 0, 150, 0),
	(551, 20, 22, 11, 0, 154, 0),
	(552, 20, 23, 52, 0, 158, 0),
	(553, 20, 24, 24, 0, 162, 0),
	(554, 20, 25, 52, 0, 166, 0),
	(555, 20, 26, 1, 0, 170, 0),
	(556, 20, 27, 6, 0, 174, 0),
	(557, 21, 1, 15, 0, 74, 0),
	(558, 21, 2, 45, 0, 78, 0),
	(559, 21, 3, 69, 0, 82, 0),
	(560, 21, 4, 69, 0, 86, 0),
	(561, 21, 5, 38, 0, 90, 0),
	(562, 21, 6, 68, 0, 94, 0),
	(563, 21, 7, 92, 0, 98, 0),
	(564, 21, 8, 9, 0, 102, 0),
	(565, 21, 9, 64, 0, 106, 0),
	(566, 21, 10, 87, 0, 110, 0),
	(567, 21, 11, 37, 0, 114, 0),
	(568, 21, 12, 17, 0, 118, 0),
	(569, 21, 13, 39, 0, 122, 0),
	(570, 21, 14, 4, 0, 126, 0),
	(571, 21, 15, 83, 0, 130, 0),
	(572, 21, 16, 68, 0, 134, 0),
	(573, 21, 17, 68, 0, 138, 0),
	(574, 21, 18, 56, 0, 142, 0),
	(575, 21, 20, 29, 0, 146, 0),
	(576, 21, 21, 5, 0, 150, 0),
	(577, 21, 22, 50, 0, 154, 0),
	(578, 21, 23, 62, 0, 158, 0),
	(579, 21, 24, 16, 0, 162, 0),
	(580, 21, 25, 53, 0, 166, 0),
	(581, 21, 26, 20, 0, 170, 0),
	(582, 21, 27, 82, 0, 174, 0),
	(583, 22, 1, 33, 0, 74, 0),
	(584, 22, 2, 20, 0, 78, 0),
	(585, 22, 3, 43, 0, 82, 0),
	(586, 22, 4, 35, 0, 86, 0),
	(587, 22, 5, 9, 0, 90, 0),
	(588, 22, 6, 85, 0, 94, 0),
	(589, 22, 7, 94, 0, 98, 0),
	(590, 22, 8, 18, 0, 102, 0),
	(591, 22, 9, 41, 0, 106, 0),
	(592, 22, 10, 36, 0, 110, 0),
	(593, 22, 11, 58, 0, 114, 0),
	(594, 22, 12, 29, 0, 118, 0),
	(595, 22, 13, 40, 0, 122, 0),
	(596, 22, 14, 10, 0, 126, 0),
	(597, 22, 15, 85, 0, 130, 0),
	(598, 22, 16, 52, 0, 134, 0),
	(599, 22, 17, 41, 0, 138, 0),
	(600, 22, 18, 52, 0, 142, 0),
	(601, 22, 20, 38, 0, 146, 0),
	(602, 22, 21, 37, 0, 150, 0),
	(603, 22, 22, 24, 0, 154, 0),
	(604, 22, 23, 40, 0, 158, 0),
	(605, 22, 24, 98, 0, 162, 0),
	(606, 22, 25, 95, 0, 166, 0),
	(607, 22, 26, 87, 0, 170, 0),
	(608, 22, 27, 79, 0, 174, 0),
	(609, 23, 1, 18, 0, 74, 0),
	(610, 23, 2, 98, 0, 78, 0),
	(611, 23, 3, 28, 0, 82, 0),
	(612, 23, 4, 12, 0, 86, 0),
	(613, 23, 5, 77, 0, 90, 0),
	(614, 23, 6, 55, 0, 94, 0),
	(615, 23, 7, 27, 0, 98, 0),
	(616, 23, 8, 59, 0, 102, 0),
	(617, 23, 9, 46, 0, 106, 0),
	(618, 23, 10, 78, 0, 110, 0),
	(619, 23, 11, 100, 0, 114, 0),
	(620, 23, 12, 89, 0, 118, 0),
	(621, 23, 13, 31, 0, 122, 0),
	(622, 23, 14, 87, 0, 126, 0),
	(623, 23, 15, 40, 0, 130, 0),
	(624, 23, 16, 84, 0, 134, 0),
	(625, 23, 17, 96, 0, 138, 0),
	(626, 23, 18, 26, 0, 142, 0),
	(627, 23, 20, 42, 0, 146, 0),
	(628, 23, 21, 97, 0, 150, 0),
	(629, 23, 22, 85, 0, 154, 0),
	(630, 23, 23, 57, 0, 158, 0),
	(631, 23, 24, 67, 0, 162, 0),
	(632, 23, 25, 40, 0, 166, 0),
	(633, 23, 26, 85, 0, 170, 0),
	(634, 23, 27, 13, 0, 174, 0),
	(635, 24, 1, 76, 0, 74, 0),
	(636, 24, 2, 19, 0, 78, 0),
	(637, 24, 3, 7, 0, 82, 0),
	(638, 24, 4, 32, 0, 86, 0),
	(639, 24, 5, 41, 0, 90, 0),
	(640, 24, 6, 17, 0, 94, 0),
	(641, 24, 7, 89, 0, 98, 0),
	(642, 24, 8, 64, 0, 102, 0),
	(643, 24, 9, 25, 0, 106, 0),
	(644, 24, 10, 8, 0, 110, 0),
	(645, 24, 11, 99, 0, 114, 0),
	(646, 24, 12, 16, 0, 118, 0),
	(647, 24, 13, 2, 0, 122, 0),
	(648, 24, 14, 49, 0, 126, 0),
	(649, 24, 15, 47, 0, 130, 0),
	(650, 24, 16, 66, 0, 134, 0),
	(651, 24, 17, 23, 0, 138, 0),
	(652, 24, 18, 3, 0, 142, 0),
	(653, 24, 20, 95, 0, 146, 0),
	(654, 24, 21, 68, 0, 150, 0),
	(655, 24, 22, 2, 0, 154, 0),
	(656, 24, 23, 80, 0, 158, 0),
	(657, 24, 24, 6, 0, 162, 0),
	(658, 24, 25, 52, 0, 166, 0),
	(659, 24, 26, 37, 0, 170, 0),
	(660, 24, 27, 28, 0, 174, 0),
	(661, 25, 1, 82, 0, 74, 0),
	(662, 25, 2, 94, 0, 78, 0),
	(663, 25, 3, 22, 0, 82, 0),
	(664, 25, 4, 97, 0, 86, 0),
	(665, 25, 5, 51, 0, 90, 0),
	(666, 25, 6, 74, 0, 94, 0),
	(667, 25, 7, 75, 0, 98, 0),
	(668, 25, 8, 42, 0, 102, 0),
	(669, 25, 9, 78, 0, 106, 0),
	(670, 25, 10, 34, 0, 110, 0),
	(671, 25, 11, 8, 0, 114, 0),
	(672, 25, 12, 40, 0, 118, 0),
	(673, 25, 13, 59, 0, 122, 0),
	(674, 25, 14, 43, 0, 126, 0),
	(675, 25, 15, 90, 0, 130, 0),
	(676, 25, 16, 17, 0, 134, 0),
	(677, 25, 17, 94, 0, 138, 0),
	(678, 25, 18, 64, 0, 142, 0),
	(679, 25, 20, 35, 0, 146, 0),
	(680, 25, 21, 91, 0, 150, 0),
	(681, 25, 22, 8, 0, 154, 0),
	(682, 25, 23, 86, 0, 158, 0),
	(683, 25, 24, 61, 0, 162, 0),
	(684, 25, 25, 78, 0, 166, 0),
	(685, 25, 26, 60, 0, 170, 0),
	(686, 25, 27, 22, 0, 174, 0),
	(687, 26, 1, 65, 0, 74, 0),
	(688, 26, 2, 78, 0, 78, 0),
	(689, 26, 3, 66, 0, 82, 0),
	(690, 26, 4, 75, 0, 86, 0),
	(691, 26, 5, 23, 0, 90, 0),
	(692, 26, 6, 59, 0, 94, 0),
	(693, 26, 7, 86, 0, 98, 0),
	(694, 26, 8, 99, 0, 102, 0),
	(695, 26, 9, 57, 0, 106, 0),
	(696, 26, 10, 91, 0, 110, 0),
	(697, 26, 11, 29, 0, 114, 0),
	(698, 26, 12, 76, 0, 118, 0),
	(699, 26, 13, 48, 0, 122, 0),
	(700, 26, 14, 56, 0, 126, 0),
	(701, 26, 15, 55, 0, 130, 0),
	(702, 26, 16, 30, 0, 134, 0),
	(703, 26, 17, 64, 0, 138, 0),
	(704, 26, 18, 41, 0, 142, 0),
	(705, 26, 20, 8, 0, 146, 0),
	(706, 26, 21, 36, 0, 150, 0),
	(707, 26, 22, 65, 0, 154, 0),
	(708, 26, 23, 36, 0, 158, 0),
	(709, 26, 24, 34, 0, 162, 0),
	(710, 26, 25, 89, 0, 166, 0),
	(711, 26, 26, 74, 0, 170, 0),
	(712, 26, 27, 19, 0, 174, 0),
	(713, 27, 1, 41, 0, 74, 0),
	(714, 27, 2, 16, 0, 78, 0),
	(715, 27, 3, 70, 0, 82, 0),
	(716, 27, 4, 36, 0, 86, 0),
	(717, 27, 5, 35, 0, 90, 0),
	(718, 27, 6, 80, 0, 94, 0),
	(719, 27, 7, 15, 0, 98, 0),
	(720, 27, 8, 24, 0, 102, 0),
	(721, 27, 9, 75, 0, 106, 0),
	(722, 27, 10, 12, 0, 110, 0),
	(723, 27, 11, 69, 0, 114, 0),
	(724, 27, 12, 15, 0, 118, 0),
	(725, 27, 13, 24, 0, 122, 0),
	(726, 27, 14, 89, 0, 126, 0),
	(727, 27, 15, 11, 0, 130, 0),
	(728, 27, 16, 56, 0, 134, 0),
	(729, 27, 17, 1, 0, 138, 0),
	(730, 27, 18, 52, 0, 142, 0),
	(731, 27, 20, 47, 0, 146, 0),
	(732, 27, 21, 70, 0, 150, 0),
	(733, 27, 22, 48, 0, 154, 0),
	(734, 27, 23, 39, 0, 158, 0),
	(735, 27, 24, 98, 0, 162, 0),
	(736, 27, 25, 76, 0, 166, 0),
	(737, 27, 26, 48, 0, 170, 0),
	(738, 27, 27, 68, 0, 174, 0),
	(739, 28, 1, 11, 0, 74, 0),
	(740, 28, 2, 67, 0, 78, 0),
	(741, 28, 3, 38, 0, 82, 0),
	(742, 28, 4, 84, 0, 86, 0),
	(743, 28, 5, 23, 0, 90, 0),
	(744, 28, 6, 78, 0, 94, 0),
	(745, 28, 7, 40, 0, 98, 0),
	(746, 28, 8, 85, 0, 102, 0),
	(747, 28, 9, 70, 0, 106, 0),
	(748, 28, 10, 22, 0, 110, 0),
	(749, 28, 11, 14, 0, 114, 0),
	(750, 28, 12, 11, 0, 118, 0),
	(751, 28, 13, 53, 0, 122, 0),
	(752, 28, 14, 40, 0, 126, 0),
	(753, 28, 15, 68, 0, 130, 0),
	(754, 28, 16, 71, 0, 134, 0),
	(755, 28, 17, 100, 0, 138, 0),
	(756, 28, 18, 37, 0, 142, 0),
	(757, 28, 20, 64, 0, 146, 0),
	(758, 28, 21, 10, 0, 150, 0),
	(759, 28, 22, 74, 0, 154, 0),
	(760, 28, 23, 79, 0, 158, 0),
	(761, 28, 24, 81, 0, 162, 0),
	(762, 28, 25, 31, 0, 166, 0),
	(763, 28, 26, 30, 0, 170, 0),
	(764, 28, 27, 19, 0, 174, 0),
	(765, 29, 1, 15, 0, 74, 0),
	(766, 29, 2, 77, 0, 78, 0),
	(767, 29, 3, 54, 0, 82, 0),
	(768, 29, 4, 57, 0, 86, 0),
	(769, 29, 5, 96, 0, 90, 0),
	(770, 29, 6, 51, 0, 94, 0),
	(771, 29, 7, 32, 0, 98, 0),
	(772, 29, 8, 64, 0, 102, 0),
	(773, 29, 9, 66, 0, 106, 0),
	(774, 29, 10, 49, 0, 110, 0),
	(775, 29, 11, 97, 0, 114, 0),
	(776, 29, 12, 27, 0, 118, 0),
	(777, 29, 13, 35, 0, 122, 0),
	(778, 29, 14, 54, 0, 126, 0),
	(779, 29, 15, 48, 0, 130, 0),
	(780, 29, 16, 2, 0, 134, 0),
	(781, 29, 17, 69, 0, 138, 0),
	(782, 29, 18, 5, 0, 142, 0),
	(783, 29, 20, 33, 0, 146, 0),
	(784, 29, 21, 42, 0, 150, 0),
	(785, 29, 22, 2, 0, 154, 0),
	(786, 29, 23, 64, 0, 158, 0),
	(787, 29, 24, 92, 0, 162, 0),
	(788, 29, 25, 49, 0, 166, 0),
	(789, 29, 26, 28, 0, 170, 0),
	(790, 29, 27, 31, 0, 174, 0),
	(791, 30, 1, 3, 0, 74, 0),
	(792, 30, 2, 46, 0, 78, 0),
	(793, 30, 3, 47, 0, 82, 0),
	(794, 30, 4, 78, 0, 86, 0),
	(795, 30, 5, 46, 0, 90, 0),
	(796, 30, 6, 46, 0, 94, 0),
	(797, 30, 7, 73, 0, 98, 0),
	(798, 30, 8, 25, 0, 102, 0),
	(799, 30, 9, 32, 0, 106, 0),
	(800, 30, 10, 79, 0, 110, 0),
	(801, 30, 11, 69, 0, 114, 0),
	(802, 30, 12, 45, 0, 118, 0),
	(803, 30, 13, 96, 0, 122, 0),
	(804, 30, 14, 73, 0, 126, 0),
	(805, 30, 15, 23, 0, 130, 0),
	(806, 30, 16, 44, 0, 134, 0),
	(807, 30, 17, 61, 0, 138, 0),
	(808, 30, 18, 32, 0, 142, 0),
	(809, 30, 20, 20, 0, 146, 0),
	(810, 30, 21, 82, 0, 150, 0),
	(811, 30, 22, 62, 0, 154, 0),
	(812, 30, 23, 1, 0, 158, 0),
	(813, 30, 24, 69, 0, 162, 0),
	(814, 30, 25, 96, 0, 166, 0),
	(815, 30, 26, 24, 0, 170, 0),
	(816, 30, 27, 28, 0, 174, 0),
	(817, 31, 1, 73, 0, 74, 0),
	(818, 31, 2, 45, 0, 78, 0),
	(819, 31, 3, 56, 0, 82, 0),
	(820, 31, 4, 42, 0, 86, 0),
	(821, 31, 5, 94, 0, 90, 0),
	(822, 31, 6, 35, 0, 94, 0),
	(823, 31, 7, 68, 0, 98, 0),
	(824, 31, 8, 9, 0, 102, 0),
	(825, 31, 9, 2, 0, 106, 0),
	(826, 31, 10, 64, 0, 110, 0),
	(827, 31, 11, 64, 0, 114, 0),
	(828, 31, 12, 81, 0, 118, 0),
	(829, 31, 13, 53, 0, 122, 0),
	(830, 31, 14, 33, 0, 126, 0),
	(831, 31, 15, 98, 0, 130, 0),
	(832, 31, 16, 26, 0, 134, 0),
	(833, 31, 17, 69, 0, 138, 0),
	(834, 31, 18, 10, 0, 142, 0),
	(835, 31, 20, 7, 0, 146, 0),
	(836, 31, 21, 59, 0, 150, 0),
	(837, 31, 22, 42, 0, 154, 0),
	(838, 31, 23, 94, 0, 158, 0),
	(839, 31, 24, 31, 0, 162, 0),
	(840, 31, 25, 5, 0, 166, 0),
	(841, 31, 26, 31, 0, 170, 0),
	(842, 31, 27, 35, 0, 174, 0),
	(843, 32, 1, 3, 0, 74, 0),
	(844, 32, 2, 4, 0, 78, 0),
	(845, 32, 3, 48, 0, 82, 0),
	(846, 32, 4, 12, 0, 86, 0),
	(847, 32, 5, 15, 0, 90, 0),
	(848, 32, 6, 83, 0, 94, 0),
	(849, 32, 7, 54, 0, 98, 0),
	(850, 32, 8, 93, 0, 102, 0),
	(851, 32, 9, 22, 0, 106, 0),
	(852, 32, 10, 99, 0, 110, 0),
	(853, 32, 11, 70, 0, 114, 0),
	(854, 32, 12, 48, 0, 118, 0),
	(855, 32, 13, 32, 0, 122, 0),
	(856, 32, 14, 97, 0, 126, 0),
	(857, 32, 15, 78, 0, 130, 0),
	(858, 32, 16, 11, 0, 134, 0),
	(859, 32, 17, 34, 0, 138, 0),
	(860, 32, 18, 10, 0, 142, 0),
	(861, 32, 20, 76, 0, 146, 0),
	(862, 32, 21, 24, 0, 150, 0),
	(863, 32, 22, 20, 0, 154, 0),
	(864, 32, 23, 37, 0, 158, 0),
	(865, 32, 24, 52, 0, 162, 0),
	(866, 32, 25, 16, 0, 166, 0),
	(867, 32, 26, 47, 0, 170, 0),
	(868, 32, 27, 25, 0, 174, 0),
	(869, 33, 1, 62, 0, 74, 0),
	(870, 33, 2, 6, 0, 78, 0),
	(871, 33, 3, 9, 0, 82, 0),
	(872, 33, 4, 14, 0, 86, 0),
	(873, 33, 5, 90, 0, 90, 0),
	(874, 33, 6, 63, 0, 94, 0),
	(875, 33, 7, 59, 0, 98, 0),
	(876, 33, 8, 5, 0, 102, 0),
	(877, 33, 9, 23, 0, 106, 0),
	(878, 33, 10, 46, 0, 110, 0),
	(879, 33, 11, 76, 0, 114, 0),
	(880, 33, 12, 28, 0, 118, 0),
	(881, 33, 13, 20, 0, 122, 0),
	(882, 33, 14, 38, 0, 126, 0),
	(883, 33, 15, 53, 0, 130, 0),
	(884, 33, 16, 19, 0, 134, 0),
	(885, 33, 17, 5, 0, 138, 0),
	(886, 33, 18, 72, 0, 142, 0),
	(887, 33, 20, 19, 0, 146, 0),
	(888, 33, 21, 50, 0, 150, 0),
	(889, 33, 22, 80, 0, 154, 0),
	(890, 33, 23, 25, 0, 158, 0),
	(891, 33, 24, 49, 0, 162, 0),
	(892, 33, 25, 46, 0, 166, 0),
	(893, 33, 26, 23, 0, 170, 0),
	(894, 33, 27, 27, 0, 174, 0),
	(895, 34, 1, 46, 0, 74, 0),
	(896, 34, 2, 16, 0, 78, 0),
	(897, 34, 3, 9, 0, 82, 0),
	(898, 34, 4, 70, 0, 86, 0),
	(899, 34, 5, 15, 0, 90, 0),
	(900, 34, 6, 54, 0, 94, 0),
	(901, 34, 7, 90, 0, 98, 0),
	(902, 34, 8, 13, 0, 102, 0),
	(903, 34, 9, 66, 0, 106, 0),
	(904, 34, 10, 83, 0, 110, 0),
	(905, 34, 11, 88, 0, 114, 0),
	(906, 34, 12, 2, 0, 118, 0),
	(907, 34, 13, 54, 0, 122, 0),
	(908, 34, 14, 20, 0, 126, 0),
	(909, 34, 15, 16, 0, 130, 0),
	(910, 34, 16, 56, 0, 134, 0),
	(911, 34, 17, 61, 0, 138, 0),
	(912, 34, 18, 29, 0, 142, 0),
	(913, 34, 20, 49, 0, 146, 0),
	(914, 34, 21, 11, 0, 150, 0),
	(915, 34, 22, 23, 0, 154, 0),
	(916, 34, 23, 82, 0, 158, 0),
	(917, 34, 24, 52, 0, 162, 0),
	(918, 34, 25, 15, 0, 166, 0),
	(919, 34, 26, 84, 0, 170, 0),
	(920, 34, 27, 66, 0, 174, 0),
	(921, 35, 1, 17, 0, 74, 0),
	(922, 35, 2, 97, 0, 78, 0),
	(923, 35, 3, 67, 0, 82, 0),
	(924, 35, 4, 92, 0, 86, 0),
	(925, 35, 5, 65, 0, 90, 0),
	(926, 35, 6, 66, 0, 94, 0),
	(927, 35, 7, 91, 0, 98, 0),
	(928, 35, 8, 42, 0, 102, 0),
	(929, 35, 9, 96, 0, 106, 0),
	(930, 35, 10, 98, 0, 110, 0),
	(931, 35, 11, 98, 0, 114, 0),
	(932, 35, 12, 55, 0, 118, 0),
	(933, 35, 13, 27, 0, 122, 0),
	(934, 35, 14, 11, 0, 126, 0),
	(935, 35, 15, 23, 0, 130, 0),
	(936, 35, 16, 26, 0, 134, 0),
	(937, 35, 17, 93, 0, 138, 0),
	(938, 35, 18, 79, 0, 142, 0),
	(939, 35, 20, 46, 0, 146, 0),
	(940, 35, 21, 55, 0, 150, 0),
	(941, 35, 22, 18, 0, 154, 0),
	(942, 35, 23, 30, 0, 158, 0),
	(943, 35, 24, 49, 0, 162, 0),
	(944, 35, 25, 23, 0, 166, 0),
	(945, 35, 26, 100, 0, 170, 0),
	(946, 35, 27, 6, 0, 174, 0),
	(947, 36, 1, 32, 0, 74, 0),
	(948, 36, 2, 85, 0, 78, 0),
	(949, 36, 3, 78, 0, 82, 0),
	(950, 36, 4, 30, 0, 86, 0),
	(951, 36, 5, 37, 0, 90, 0),
	(952, 36, 6, 83, 0, 94, 0),
	(953, 36, 7, 52, 0, 98, 0),
	(954, 36, 8, 24, 0, 102, 0),
	(955, 36, 9, 87, 0, 106, 0),
	(956, 36, 10, 33, 0, 110, 0),
	(957, 36, 11, 4, 0, 114, 0),
	(958, 36, 12, 14, 0, 118, 0),
	(959, 36, 13, 83, 0, 122, 0),
	(960, 36, 14, 89, 0, 126, 0),
	(961, 36, 15, 48, 0, 130, 0),
	(962, 36, 16, 96, 0, 134, 0),
	(963, 36, 17, 25, 0, 138, 0),
	(964, 36, 18, 84, 0, 142, 0),
	(965, 36, 20, 85, 0, 146, 0),
	(966, 36, 21, 11, 0, 150, 0),
	(967, 36, 22, 64, 0, 154, 0),
	(968, 36, 23, 52, 0, 158, 0),
	(969, 36, 24, 96, 0, 162, 0),
	(970, 36, 25, 94, 0, 166, 0),
	(971, 36, 26, 76, 0, 170, 0),
	(972, 36, 27, 29, 0, 174, 0),
	(973, 37, 1, 52, 0, 74, 0),
	(974, 37, 2, 35, 0, 78, 0),
	(975, 37, 3, 62, 0, 82, 0),
	(976, 37, 4, 31, 0, 86, 0),
	(977, 37, 5, 1, 0, 90, 0),
	(978, 37, 6, 90, 0, 94, 0),
	(979, 37, 7, 75, 0, 98, 0),
	(980, 37, 8, 68, 0, 102, 0),
	(981, 37, 9, 7, 0, 106, 0),
	(982, 37, 10, 54, 0, 110, 0),
	(983, 37, 11, 6, 0, 114, 0),
	(984, 37, 12, 63, 0, 118, 0),
	(985, 37, 13, 10, 0, 122, 0),
	(986, 37, 14, 96, 0, 126, 0),
	(987, 37, 15, 93, 0, 130, 0),
	(988, 37, 16, 64, 0, 134, 0),
	(989, 37, 17, 44, 0, 138, 0),
	(990, 37, 18, 23, 0, 142, 0),
	(991, 37, 20, 66, 0, 146, 0),
	(992, 37, 21, 99, 0, 150, 0),
	(993, 37, 22, 68, 0, 154, 0),
	(994, 37, 23, 87, 0, 158, 0),
	(995, 37, 24, 96, 0, 162, 0),
	(996, 37, 25, 87, 0, 166, 0),
	(997, 37, 26, 52, 0, 170, 0),
	(998, 37, 27, 54, 0, 174, 0),
	(999, 38, 1, 59, 0, 74, 0),
	(1000, 38, 2, 73, 0, 78, 0),
	(1001, 38, 3, 86, 0, 82, 0),
	(1002, 38, 4, 100, 0, 86, 0),
	(1003, 38, 5, 67, 0, 90, 0),
	(1004, 38, 6, 91, 0, 94, 0),
	(1005, 38, 7, 1, 0, 98, 0),
	(1006, 38, 8, 35, 0, 102, 0),
	(1007, 38, 9, 65, 0, 106, 0),
	(1008, 38, 10, 31, 0, 110, 0),
	(1009, 38, 11, 41, 0, 114, 0),
	(1010, 38, 12, 39, 0, 118, 0),
	(1011, 38, 13, 83, 0, 122, 0),
	(1012, 38, 14, 30, 0, 126, 0),
	(1013, 38, 15, 25, 0, 130, 0),
	(1014, 38, 16, 64, 0, 134, 0),
	(1015, 38, 17, 93, 0, 138, 0),
	(1016, 38, 18, 92, 0, 142, 0),
	(1017, 38, 20, 41, 0, 146, 0),
	(1018, 38, 21, 48, 0, 150, 0),
	(1019, 38, 22, 41, 0, 154, 0),
	(1020, 38, 23, 100, 0, 158, 0),
	(1021, 38, 24, 25, 0, 162, 0),
	(1022, 38, 25, 23, 0, 166, 0),
	(1023, 38, 26, 78, 0, 170, 0),
	(1024, 38, 27, 72, 0, 174, 0),
	(1025, 39, 1, 7, 0, 74, 0),
	(1026, 39, 2, 17, 0, 78, 0),
	(1027, 39, 3, 39, 0, 82, 0),
	(1028, 39, 4, 56, 0, 86, 0),
	(1029, 39, 5, 33, 0, 90, 0),
	(1030, 39, 6, 89, 0, 94, 0),
	(1031, 39, 7, 9, 0, 98, 0),
	(1032, 39, 8, 88, 0, 102, 0),
	(1033, 39, 9, 37, 0, 106, 0),
	(1034, 39, 10, 83, 0, 110, 0),
	(1035, 39, 11, 100, 0, 114, 0),
	(1036, 39, 12, 16, 0, 118, 0),
	(1037, 39, 13, 69, 0, 122, 0),
	(1038, 39, 14, 46, 0, 126, 0),
	(1039, 39, 15, 59, 0, 130, 0),
	(1040, 39, 16, 57, 0, 134, 0),
	(1041, 39, 17, 62, 0, 138, 0),
	(1042, 39, 18, 45, 0, 142, 0),
	(1043, 39, 20, 60, 0, 146, 0),
	(1044, 39, 21, 29, 0, 150, 0),
	(1045, 39, 22, 63, 0, 154, 0),
	(1046, 39, 23, 12, 0, 158, 0),
	(1047, 39, 24, 40, 0, 162, 0),
	(1048, 39, 25, 27, 0, 166, 0),
	(1049, 39, 26, 49, 0, 170, 0),
	(1050, 39, 27, 21, 0, 174, 0),
	(1051, 40, 1, 2, 0, 74, 0),
	(1052, 40, 2, 30, 0, 78, 0),
	(1053, 40, 3, 9, 0, 82, 0),
	(1054, 40, 4, 93, 0, 86, 0),
	(1055, 40, 5, 47, 0, 90, 0),
	(1056, 40, 6, 65, 0, 94, 0),
	(1057, 40, 7, 66, 0, 98, 0),
	(1058, 40, 8, 43, 0, 102, 0),
	(1059, 40, 9, 54, 0, 106, 0),
	(1060, 40, 10, 19, 0, 110, 0),
	(1061, 40, 11, 57, 0, 114, 0),
	(1062, 40, 12, 53, 0, 118, 0),
	(1063, 40, 13, 50, 0, 122, 0),
	(1064, 40, 14, 16, 0, 126, 0),
	(1065, 40, 15, 24, 0, 130, 0),
	(1066, 40, 16, 4, 0, 134, 0),
	(1067, 40, 17, 64, 0, 138, 0),
	(1068, 40, 18, 92, 0, 142, 0),
	(1069, 40, 20, 7, 0, 146, 0),
	(1070, 40, 21, 2, 0, 150, 0),
	(1071, 40, 22, 36, 0, 154, 0),
	(1072, 40, 23, 19, 0, 158, 0),
	(1073, 40, 24, 8, 0, 162, 0),
	(1074, 40, 25, 52, 0, 166, 0),
	(1075, 40, 26, 76, 0, 170, 0),
	(1076, 40, 27, 3, 0, 174, 0),
	(1077, 41, 1, 67, 0, 74, 0),
	(1078, 41, 2, 69, 0, 78, 0),
	(1079, 41, 3, 54, 0, 82, 0),
	(1080, 41, 4, 21, 0, 86, 0),
	(1081, 41, 5, 33, 0, 90, 0),
	(1082, 41, 6, 19, 0, 94, 0),
	(1083, 41, 7, 58, 0, 98, 0),
	(1084, 41, 8, 74, 0, 102, 0),
	(1085, 41, 9, 9, 0, 106, 0),
	(1086, 41, 10, 93, 0, 110, 0),
	(1087, 41, 11, 77, 0, 114, 0),
	(1088, 41, 12, 85, 0, 118, 0),
	(1089, 41, 13, 86, 0, 122, 0),
	(1090, 41, 14, 55, 0, 126, 0),
	(1091, 41, 15, 35, 0, 130, 0),
	(1092, 41, 16, 6, 0, 134, 0),
	(1093, 41, 17, 9, 0, 138, 0),
	(1094, 41, 18, 37, 0, 142, 0),
	(1095, 41, 20, 96, 0, 146, 0),
	(1096, 41, 21, 76, 0, 150, 0),
	(1097, 41, 22, 99, 0, 154, 0),
	(1098, 41, 23, 12, 0, 158, 0),
	(1099, 41, 24, 43, 0, 162, 0),
	(1100, 41, 25, 22, 0, 166, 0),
	(1101, 41, 26, 16, 0, 170, 0),
	(1102, 41, 27, 95, 0, 174, 0),
	(1103, 42, 1, 38, 0, 74, 0),
	(1104, 42, 2, 10, 0, 78, 0),
	(1105, 42, 3, 25, 0, 82, 0),
	(1106, 42, 4, 65, 0, 86, 0),
	(1107, 42, 5, 2, 0, 90, 0),
	(1108, 42, 6, 29, 0, 94, 0),
	(1109, 42, 7, 21, 0, 98, 0),
	(1110, 42, 8, 25, 0, 102, 0),
	(1111, 42, 9, 82, 0, 106, 0),
	(1112, 42, 10, 33, 0, 110, 0),
	(1113, 42, 11, 27, 0, 114, 0),
	(1114, 42, 12, 27, 0, 118, 0),
	(1115, 42, 13, 48, 0, 122, 0),
	(1116, 42, 14, 16, 0, 126, 0),
	(1117, 42, 15, 52, 0, 130, 0),
	(1118, 42, 16, 15, 0, 134, 0),
	(1119, 42, 17, 44, 0, 138, 0),
	(1120, 42, 18, 34, 0, 142, 0),
	(1121, 42, 20, 74, 0, 146, 0),
	(1122, 42, 21, 48, 0, 150, 0),
	(1123, 42, 22, 77, 0, 154, 0),
	(1124, 42, 23, 98, 0, 158, 0),
	(1125, 42, 24, 93, 0, 162, 0),
	(1126, 42, 25, 64, 0, 166, 0),
	(1127, 42, 26, 77, 0, 170, 0),
	(1128, 42, 27, 17, 0, 174, 0),
	(1129, 43, 1, 23, 0, 74, 0),
	(1130, 43, 2, 24, 0, 78, 0),
	(1131, 43, 3, 36, 0, 82, 0),
	(1132, 43, 4, 90, 0, 86, 0),
	(1133, 43, 5, 5, 0, 90, 0),
	(1134, 43, 6, 9, 0, 94, 0),
	(1135, 43, 7, 94, 0, 98, 0),
	(1136, 43, 8, 99, 0, 102, 0),
	(1137, 43, 9, 51, 0, 106, 0),
	(1138, 43, 10, 48, 0, 110, 0),
	(1139, 43, 11, 48, 0, 114, 0),
	(1140, 43, 12, 63, 0, 118, 0),
	(1141, 43, 13, 42, 0, 122, 0),
	(1142, 43, 14, 50, 0, 126, 0),
	(1143, 43, 15, 42, 0, 130, 0),
	(1144, 43, 16, 6, 0, 134, 0),
	(1145, 43, 17, 31, 0, 138, 0),
	(1146, 43, 18, 53, 0, 142, 0),
	(1147, 43, 20, 64, 0, 146, 0),
	(1148, 43, 21, 68, 0, 150, 0),
	(1149, 43, 22, 42, 0, 154, 0),
	(1150, 43, 23, 28, 0, 158, 0),
	(1151, 43, 24, 58, 0, 162, 0),
	(1152, 43, 25, 65, 0, 166, 0),
	(1153, 43, 26, 91, 0, 170, 0),
	(1154, 43, 27, 78, 0, 174, 0),
	(1155, 44, 1, 38, 0, 74, 0),
	(1156, 44, 2, 67, 0, 78, 0),
	(1157, 44, 3, 57, 0, 82, 0),
	(1158, 44, 4, 81, 0, 86, 0),
	(1159, 44, 5, 32, 0, 90, 0),
	(1160, 44, 6, 11, 0, 94, 0),
	(1161, 44, 7, 50, 0, 98, 0),
	(1162, 44, 8, 15, 0, 102, 0),
	(1163, 44, 9, 50, 0, 106, 0),
	(1164, 44, 10, 84, 0, 110, 0),
	(1165, 44, 11, 30, 0, 114, 0),
	(1166, 44, 12, 6, 0, 118, 0),
	(1167, 44, 13, 81, 0, 122, 0),
	(1168, 44, 14, 4, 0, 126, 0),
	(1169, 44, 15, 16, 0, 130, 0),
	(1170, 44, 16, 19, 0, 134, 0),
	(1171, 44, 17, 19, 0, 138, 0),
	(1172, 44, 18, 11, 0, 142, 0),
	(1173, 44, 20, 34, 0, 146, 0),
	(1174, 44, 21, 88, 0, 150, 0),
	(1175, 44, 22, 70, 0, 154, 0),
	(1176, 44, 23, 66, 0, 158, 0),
	(1177, 44, 24, 74, 0, 162, 0),
	(1178, 44, 25, 84, 0, 166, 0),
	(1179, 44, 26, 92, 0, 170, 0),
	(1180, 44, 27, 37, 0, 174, 0),
	(1181, 45, 1, 81, 0, 74, 0),
	(1182, 45, 2, 79, 0, 78, 0),
	(1183, 45, 3, 54, 0, 82, 0),
	(1184, 45, 4, 75, 0, 86, 0),
	(1185, 45, 5, 71, 0, 90, 0),
	(1186, 45, 6, 46, 0, 94, 0),
	(1187, 45, 7, 65, 0, 98, 0),
	(1188, 45, 8, 62, 0, 102, 0),
	(1189, 45, 9, 53, 0, 106, 0),
	(1190, 45, 10, 25, 0, 110, 0),
	(1191, 45, 11, 82, 0, 114, 0),
	(1192, 45, 12, 59, 0, 118, 0),
	(1193, 45, 13, 15, 0, 122, 0),
	(1194, 45, 14, 49, 0, 126, 0),
	(1195, 45, 15, 43, 0, 130, 0),
	(1196, 45, 16, 67, 0, 134, 0),
	(1197, 45, 17, 17, 0, 138, 0),
	(1198, 45, 18, 22, 0, 142, 0),
	(1199, 45, 20, 44, 0, 146, 0),
	(1200, 45, 21, 86, 0, 150, 0),
	(1201, 45, 22, 43, 0, 154, 0),
	(1202, 45, 23, 25, 0, 158, 0),
	(1203, 45, 24, 7, 0, 162, 0),
	(1204, 45, 25, 28, 0, 166, 0),
	(1205, 45, 26, 53, 0, 170, 0),
	(1206, 45, 27, 84, 0, 174, 0),
	(1207, 46, 1, 73, 0, 74, 0),
	(1208, 46, 2, 50, 0, 78, 0),
	(1209, 46, 3, 15, 0, 82, 0),
	(1210, 46, 4, 68, 0, 86, 0),
	(1211, 46, 5, 78, 0, 90, 0),
	(1212, 46, 6, 38, 0, 94, 0),
	(1213, 46, 7, 11, 0, 98, 0),
	(1214, 46, 8, 7, 0, 102, 0),
	(1215, 46, 9, 75, 0, 106, 0),
	(1216, 46, 10, 47, 0, 110, 0),
	(1217, 46, 11, 28, 0, 114, 0),
	(1218, 46, 12, 69, 0, 118, 0),
	(1219, 46, 13, 59, 0, 122, 0),
	(1220, 46, 14, 37, 0, 126, 0),
	(1221, 46, 15, 59, 0, 130, 0),
	(1222, 46, 16, 83, 0, 134, 0),
	(1223, 46, 17, 41, 0, 138, 0),
	(1224, 46, 18, 16, 0, 142, 0),
	(1225, 46, 20, 32, 0, 146, 0),
	(1226, 46, 21, 5, 0, 150, 0),
	(1227, 46, 22, 24, 0, 154, 0),
	(1228, 46, 23, 24, 0, 158, 0),
	(1229, 46, 24, 74, 0, 162, 0),
	(1230, 46, 25, 4, 0, 166, 0),
	(1231, 46, 26, 61, 0, 170, 0),
	(1232, 46, 27, 15, 0, 174, 0),
	(1233, 47, 1, 60, 0, 74, 0),
	(1234, 47, 2, 69, 0, 78, 0),
	(1235, 47, 3, 81, 0, 82, 0),
	(1236, 47, 4, 49, 0, 86, 0),
	(1237, 47, 5, 82, 0, 90, 0),
	(1238, 47, 6, 20, 0, 94, 0),
	(1239, 47, 7, 71, 0, 98, 0),
	(1240, 47, 8, 30, 0, 102, 0),
	(1241, 47, 9, 24, 0, 106, 0),
	(1242, 47, 10, 71, 0, 110, 0),
	(1243, 47, 11, 72, 0, 114, 0),
	(1244, 47, 12, 72, 0, 118, 0),
	(1245, 47, 13, 91, 0, 122, 0),
	(1246, 47, 14, 13, 0, 126, 0),
	(1247, 47, 15, 13, 0, 130, 0),
	(1248, 47, 16, 60, 0, 134, 0),
	(1249, 47, 17, 9, 0, 138, 0),
	(1250, 47, 18, 66, 0, 142, 0),
	(1251, 47, 20, 35, 0, 146, 0),
	(1252, 47, 21, 99, 0, 150, 0),
	(1253, 47, 22, 17, 0, 154, 0),
	(1254, 47, 23, 79, 0, 158, 0),
	(1255, 47, 24, 12, 0, 162, 0),
	(1256, 47, 25, 90, 0, 166, 0),
	(1257, 47, 26, 5, 0, 170, 0),
	(1258, 47, 27, 44, 0, 174, 0),
	(1259, 48, 1, 49, 0, 74, 0),
	(1260, 48, 2, 77, 0, 78, 0),
	(1261, 48, 3, 79, 0, 82, 0),
	(1262, 48, 4, 95, 0, 86, 0),
	(1263, 48, 5, 99, 0, 90, 0),
	(1264, 48, 6, 42, 0, 94, 0),
	(1265, 48, 7, 60, 0, 98, 0),
	(1266, 48, 8, 8, 0, 102, 0),
	(1267, 48, 9, 62, 0, 106, 0),
	(1268, 48, 10, 22, 0, 110, 0),
	(1269, 48, 11, 8, 0, 114, 0),
	(1270, 48, 12, 83, 0, 118, 0),
	(1271, 48, 13, 40, 0, 122, 0),
	(1272, 48, 14, 34, 0, 126, 0),
	(1273, 48, 15, 10, 0, 130, 0),
	(1274, 48, 16, 53, 0, 134, 0),
	(1275, 48, 17, 45, 0, 138, 0),
	(1276, 48, 18, 39, 0, 142, 0),
	(1277, 48, 20, 41, 0, 146, 0),
	(1278, 48, 21, 72, 0, 150, 0),
	(1279, 48, 22, 39, 0, 154, 0),
	(1280, 48, 23, 37, 0, 158, 0),
	(1281, 48, 24, 67, 0, 162, 0),
	(1282, 48, 25, 30, 0, 166, 0),
	(1283, 48, 26, 84, 0, 170, 0),
	(1284, 48, 27, 3, 0, 174, 0),
	(1285, 49, 1, 11, 0, 74, 0),
	(1286, 49, 2, 8, 0, 78, 0),
	(1287, 49, 3, 13, 0, 82, 0),
	(1288, 49, 4, 43, 0, 86, 0),
	(1289, 49, 5, 65, 0, 90, 0),
	(1290, 49, 6, 96, 0, 94, 0),
	(1291, 49, 7, 61, 0, 98, 0),
	(1292, 49, 8, 3, 0, 102, 0),
	(1293, 49, 9, 82, 0, 106, 0),
	(1294, 49, 10, 7, 0, 110, 0),
	(1295, 49, 11, 57, 0, 114, 0),
	(1296, 49, 12, 54, 0, 118, 0),
	(1297, 49, 13, 57, 0, 122, 0),
	(1298, 49, 14, 61, 0, 126, 0),
	(1299, 49, 15, 31, 0, 130, 0),
	(1300, 49, 16, 89, 0, 134, 0),
	(1301, 49, 17, 52, 0, 138, 0),
	(1302, 49, 18, 21, 0, 142, 0),
	(1303, 49, 20, 46, 0, 146, 0),
	(1304, 49, 21, 2, 0, 150, 0),
	(1305, 49, 22, 22, 0, 154, 0),
	(1306, 49, 23, 23, 0, 158, 0),
	(1307, 49, 24, 39, 0, 162, 0),
	(1308, 49, 25, 87, 0, 166, 0),
	(1309, 49, 26, 88, 0, 170, 0),
	(1310, 49, 27, 41, 0, 174, 0),
	(1311, 50, 1, 63, 0, 74, 0),
	(1312, 50, 2, 9, 0, 78, 0),
	(1313, 50, 3, 52, 0, 82, 0),
	(1314, 50, 4, 12, 0, 86, 0),
	(1315, 50, 5, 14, 0, 90, 0),
	(1316, 50, 6, 63, 0, 94, 0),
	(1317, 50, 7, 100, 0, 98, 0),
	(1318, 50, 8, 53, 0, 102, 0),
	(1319, 50, 9, 68, 0, 106, 0),
	(1320, 50, 10, 56, 0, 110, 0),
	(1321, 50, 11, 95, 0, 114, 0),
	(1322, 50, 12, 40, 0, 118, 0),
	(1323, 50, 13, 52, 0, 122, 0),
	(1324, 50, 14, 63, 0, 126, 0),
	(1325, 50, 15, 33, 0, 130, 0),
	(1326, 50, 16, 88, 0, 134, 0),
	(1327, 50, 17, 19, 0, 138, 0),
	(1328, 50, 18, 35, 0, 142, 0),
	(1329, 50, 20, 57, 0, 146, 0),
	(1330, 50, 21, 47, 0, 150, 0),
	(1331, 50, 22, 96, 0, 154, 0),
	(1332, 50, 23, 19, 0, 158, 0),
	(1333, 50, 24, 72, 0, 162, 0),
	(1334, 50, 25, 42, 0, 166, 0),
	(1335, 50, 26, 99, 0, 170, 0),
	(1336, 50, 27, 77, 0, 174, 0),
	(1337, 51, 1, 52, 0, 74, 0),
	(1338, 51, 2, 80, 0, 78, 0),
	(1339, 51, 3, 97, 0, 82, 0),
	(1340, 51, 4, 18, 0, 86, 0),
	(1341, 51, 5, 11, 0, 90, 0),
	(1342, 51, 6, 75, 0, 94, 0),
	(1343, 51, 7, 82, 0, 98, 0),
	(1344, 51, 8, 22, 0, 102, 0),
	(1345, 51, 9, 49, 0, 106, 0),
	(1346, 51, 10, 60, 0, 110, 0),
	(1347, 51, 11, 52, 0, 114, 0),
	(1348, 51, 12, 82, 0, 118, 0),
	(1349, 51, 13, 45, 0, 122, 0),
	(1350, 51, 14, 40, 0, 126, 0),
	(1351, 51, 15, 45, 0, 130, 0),
	(1352, 51, 16, 43, 0, 134, 0),
	(1353, 51, 17, 59, 0, 138, 0),
	(1354, 51, 18, 34, 0, 142, 0),
	(1355, 51, 20, 26, 0, 146, 0),
	(1356, 51, 21, 46, 0, 150, 0),
	(1357, 51, 22, 37, 0, 154, 0),
	(1358, 51, 23, 31, 0, 158, 0),
	(1359, 51, 24, 68, 0, 162, 0),
	(1360, 51, 25, 14, 0, 166, 0),
	(1361, 51, 26, 49, 0, 170, 0),
	(1362, 51, 27, 97, 0, 174, 0),
	(1363, 52, 1, 85, 0, 74, 0),
	(1364, 52, 2, 23, 0, 78, 0),
	(1365, 52, 3, 49, 0, 82, 0),
	(1366, 52, 4, 31, 0, 86, 0),
	(1367, 52, 5, 43, 0, 90, 0),
	(1368, 52, 6, 13, 0, 94, 0),
	(1369, 52, 7, 93, 0, 98, 0),
	(1370, 52, 8, 41, 0, 102, 0),
	(1371, 52, 9, 39, 0, 106, 0),
	(1372, 52, 10, 17, 0, 110, 0),
	(1373, 52, 11, 39, 0, 114, 0),
	(1374, 52, 12, 41, 0, 118, 0),
	(1375, 52, 13, 68, 0, 122, 0),
	(1376, 52, 14, 3, 0, 126, 0),
	(1377, 52, 15, 1, 0, 130, 0),
	(1378, 52, 16, 40, 0, 134, 0),
	(1379, 52, 17, 4, 0, 138, 0),
	(1380, 52, 18, 74, 0, 142, 0),
	(1381, 52, 20, 18, 0, 146, 0),
	(1382, 52, 21, 77, 0, 150, 0),
	(1383, 52, 22, 18, 0, 154, 0),
	(1384, 52, 23, 89, 0, 158, 0),
	(1385, 52, 24, 23, 0, 162, 0),
	(1386, 52, 25, 1, 0, 166, 0),
	(1387, 52, 26, 62, 0, 170, 0),
	(1388, 52, 27, 19, 0, 174, 0),
	(1389, 53, 1, 2, 0, 74, 0),
	(1390, 53, 2, 84, 0, 78, 0),
	(1391, 53, 3, 43, 0, 82, 0),
	(1392, 53, 4, 52, 0, 86, 0),
	(1393, 53, 5, 72, 0, 90, 0),
	(1394, 53, 6, 42, 0, 94, 0),
	(1395, 53, 7, 98, 0, 98, 0),
	(1396, 53, 8, 43, 0, 102, 0),
	(1397, 53, 9, 39, 0, 106, 0),
	(1398, 53, 10, 55, 0, 110, 0),
	(1399, 53, 11, 73, 0, 114, 0),
	(1400, 53, 12, 82, 0, 118, 0),
	(1401, 53, 13, 79, 0, 122, 0),
	(1402, 53, 14, 10, 0, 126, 0),
	(1403, 53, 15, 23, 0, 130, 0),
	(1404, 53, 16, 58, 0, 134, 0),
	(1405, 53, 17, 30, 0, 138, 0),
	(1406, 53, 18, 60, 0, 142, 0),
	(1407, 53, 20, 40, 0, 146, 0),
	(1408, 53, 21, 81, 0, 150, 0),
	(1409, 53, 22, 71, 0, 154, 0),
	(1410, 53, 23, 16, 0, 158, 0),
	(1411, 53, 24, 69, 0, 162, 0),
	(1412, 53, 25, 24, 0, 166, 0),
	(1413, 53, 26, 68, 0, 170, 0),
	(1414, 53, 27, 14, 0, 174, 0),
	(1415, 54, 1, 4, 0, 74, 0),
	(1416, 54, 2, 73, 0, 78, 0),
	(1417, 54, 3, 12, 0, 82, 0),
	(1418, 54, 4, 9, 0, 86, 0),
	(1419, 54, 5, 1, 0, 90, 0),
	(1420, 54, 6, 97, 0, 94, 0),
	(1421, 54, 7, 61, 0, 98, 0),
	(1422, 54, 8, 39, 0, 102, 0),
	(1423, 54, 9, 65, 0, 106, 0),
	(1424, 54, 10, 45, 0, 110, 0),
	(1425, 54, 11, 5, 0, 114, 0),
	(1426, 54, 12, 69, 0, 118, 0),
	(1427, 54, 13, 34, 0, 122, 0),
	(1428, 54, 14, 59, 0, 126, 0),
	(1429, 54, 15, 94, 0, 130, 0),
	(1430, 54, 16, 80, 0, 134, 0),
	(1431, 54, 17, 67, 0, 138, 0),
	(1432, 54, 18, 37, 0, 142, 0),
	(1433, 54, 20, 5, 0, 146, 0),
	(1434, 54, 21, 19, 0, 150, 0),
	(1435, 54, 22, 54, 0, 154, 0),
	(1436, 54, 23, 98, 0, 158, 0),
	(1437, 54, 24, 53, 0, 162, 0),
	(1438, 54, 25, 20, 0, 166, 0),
	(1439, 54, 26, 44, 0, 170, 0),
	(1440, 54, 27, 87, 0, 174, 0),
	(1441, 55, 1, 57, 0, 74, 0),
	(1442, 55, 2, 58, 0, 78, 0),
	(1443, 55, 3, 25, 0, 82, 0),
	(1444, 55, 4, 41, 0, 86, 0),
	(1445, 55, 5, 94, 0, 90, 0),
	(1446, 55, 6, 3, 0, 94, 0),
	(1447, 55, 7, 63, 0, 98, 0),
	(1448, 55, 8, 61, 0, 102, 0),
	(1449, 55, 9, 7, 0, 106, 0),
	(1450, 55, 10, 29, 0, 110, 0),
	(1451, 55, 11, 16, 0, 114, 0),
	(1452, 55, 12, 51, 0, 118, 0),
	(1453, 55, 13, 33, 0, 122, 0),
	(1454, 55, 14, 21, 0, 126, 0),
	(1455, 55, 15, 1, 0, 130, 0),
	(1456, 55, 16, 98, 0, 134, 0),
	(1457, 55, 17, 78, 0, 138, 0),
	(1458, 55, 18, 36, 0, 142, 0),
	(1459, 55, 20, 69, 0, 146, 0),
	(1460, 55, 21, 6, 0, 150, 0),
	(1461, 55, 22, 21, 0, 154, 0),
	(1462, 55, 23, 9, 0, 158, 0),
	(1463, 55, 24, 93, 0, 162, 0),
	(1464, 55, 25, 65, 0, 166, 0),
	(1465, 55, 26, 17, 0, 170, 0),
	(1466, 55, 27, 62, 0, 174, 0),
	(1467, 56, 1, 26, 0, 74, 0),
	(1468, 56, 2, 2, 0, 78, 0),
	(1469, 56, 3, 87, 0, 82, 0),
	(1470, 56, 4, 78, 0, 86, 0),
	(1471, 56, 5, 63, 0, 90, 0),
	(1472, 56, 6, 68, 0, 94, 0),
	(1473, 56, 7, 60, 0, 98, 0),
	(1474, 56, 8, 80, 0, 102, 0),
	(1475, 56, 9, 42, 0, 106, 0),
	(1476, 56, 10, 36, 0, 110, 0),
	(1477, 56, 11, 74, 0, 114, 0),
	(1478, 56, 12, 58, 0, 118, 0),
	(1479, 56, 13, 54, 0, 122, 0),
	(1480, 56, 14, 8, 0, 126, 0),
	(1481, 56, 15, 60, 0, 130, 0),
	(1482, 56, 16, 31, 0, 134, 0),
	(1483, 56, 17, 7, 0, 138, 0),
	(1484, 56, 18, 67, 0, 142, 0),
	(1485, 56, 20, 55, 0, 146, 0),
	(1486, 56, 21, 51, 0, 150, 0),
	(1487, 56, 22, 84, 0, 154, 0),
	(1488, 56, 23, 16, 0, 158, 0),
	(1489, 56, 24, 29, 0, 162, 0),
	(1490, 56, 25, 77, 0, 166, 0),
	(1491, 56, 26, 76, 0, 170, 0),
	(1492, 56, 27, 79, 0, 174, 0),
	(1493, 57, 1, 16, 0, 74, 0),
	(1494, 57, 2, 65, 0, 78, 0),
	(1495, 57, 3, 74, 0, 82, 0),
	(1496, 57, 4, 44, 0, 86, 0),
	(1497, 57, 5, 57, 0, 90, 0),
	(1498, 57, 6, 96, 0, 94, 0),
	(1499, 57, 7, 47, 0, 98, 0),
	(1500, 57, 8, 82, 0, 102, 0),
	(1501, 57, 9, 79, 0, 106, 0),
	(1502, 57, 10, 91, 0, 110, 0),
	(1503, 57, 11, 7, 0, 114, 0),
	(1504, 57, 12, 27, 0, 118, 0),
	(1505, 57, 13, 54, 0, 122, 0),
	(1506, 57, 14, 10, 0, 126, 0),
	(1507, 57, 15, 71, 0, 130, 0),
	(1508, 57, 16, 31, 0, 134, 0),
	(1509, 57, 17, 42, 0, 138, 0),
	(1510, 57, 18, 66, 0, 142, 0),
	(1511, 57, 20, 82, 0, 146, 0),
	(1512, 57, 21, 99, 0, 150, 0),
	(1513, 57, 22, 52, 0, 154, 0),
	(1514, 57, 23, 52, 0, 158, 0),
	(1515, 57, 24, 94, 0, 162, 0),
	(1516, 57, 25, 19, 0, 166, 0),
	(1517, 57, 26, 2, 0, 170, 0),
	(1518, 57, 27, 31, 0, 174, 0),
	(1519, 58, 1, 8, 0, 74, 0),
	(1520, 58, 2, 43, 0, 78, 0),
	(1521, 58, 3, 12, 0, 82, 0),
	(1522, 58, 4, 25, 0, 86, 0),
	(1523, 58, 5, 56, 0, 90, 0),
	(1524, 58, 6, 35, 0, 94, 0),
	(1525, 58, 7, 51, 0, 98, 0),
	(1526, 58, 8, 74, 0, 102, 0),
	(1527, 58, 9, 74, 0, 106, 0),
	(1528, 58, 10, 22, 0, 110, 0),
	(1529, 58, 11, 48, 0, 114, 0),
	(1530, 58, 12, 20, 0, 118, 0),
	(1531, 58, 13, 9, 0, 122, 0),
	(1532, 58, 14, 24, 0, 126, 0),
	(1533, 58, 15, 72, 0, 130, 0),
	(1534, 58, 16, 93, 0, 134, 0),
	(1535, 58, 17, 55, 0, 138, 0),
	(1536, 58, 18, 61, 0, 142, 0),
	(1537, 58, 20, 84, 0, 146, 0),
	(1538, 58, 21, 79, 0, 150, 0),
	(1539, 58, 22, 91, 0, 154, 0),
	(1540, 58, 23, 1, 0, 158, 0),
	(1541, 58, 24, 78, 0, 162, 0),
	(1542, 58, 25, 13, 0, 166, 0),
	(1543, 58, 26, 94, 0, 170, 0),
	(1544, 58, 27, 60, 0, 174, 0),
	(1545, 59, 1, 58, 0, 74, 0),
	(1546, 59, 2, 54, 0, 78, 0),
	(1547, 59, 3, 83, 0, 82, 0),
	(1548, 59, 4, 44, 0, 86, 0),
	(1549, 59, 5, 62, 0, 90, 0),
	(1550, 59, 6, 63, 0, 94, 0),
	(1551, 59, 7, 13, 0, 98, 0),
	(1552, 59, 8, 84, 0, 102, 0),
	(1553, 59, 9, 5, 0, 106, 0),
	(1554, 59, 10, 75, 0, 110, 0),
	(1555, 59, 11, 75, 0, 114, 0),
	(1556, 59, 12, 28, 0, 118, 0),
	(1557, 59, 13, 94, 0, 122, 0),
	(1558, 59, 14, 34, 0, 126, 0),
	(1559, 59, 15, 13, 0, 130, 0),
	(1560, 59, 16, 2, 0, 134, 0),
	(1561, 59, 17, 94, 0, 138, 0),
	(1562, 59, 18, 43, 0, 142, 0),
	(1563, 59, 20, 28, 0, 146, 0),
	(1564, 59, 21, 4, 0, 150, 0),
	(1565, 59, 22, 29, 0, 154, 0),
	(1566, 59, 23, 40, 0, 158, 0),
	(1567, 59, 24, 43, 0, 162, 0),
	(1568, 59, 25, 52, 0, 166, 0),
	(1569, 59, 26, 37, 0, 170, 0),
	(1570, 59, 27, 15, 0, 174, 0),
	(1571, 60, 1, 34, 0, 74, 0),
	(1572, 60, 2, 65, 0, 78, 0),
	(1573, 60, 3, 96, 0, 82, 0),
	(1574, 60, 4, 61, 0, 86, 0),
	(1575, 60, 5, 19, 0, 90, 0),
	(1576, 60, 6, 46, 0, 94, 0),
	(1577, 60, 7, 65, 0, 98, 0),
	(1578, 60, 8, 79, 0, 102, 0),
	(1579, 60, 9, 37, 0, 106, 0),
	(1580, 60, 10, 100, 0, 110, 0),
	(1581, 60, 11, 8, 0, 114, 0),
	(1582, 60, 12, 85, 0, 118, 0),
	(1583, 60, 13, 35, 0, 122, 0),
	(1584, 60, 14, 38, 0, 126, 0),
	(1585, 60, 15, 63, 0, 130, 0),
	(1586, 60, 16, 11, 0, 134, 0),
	(1587, 60, 17, 98, 0, 138, 0),
	(1588, 60, 18, 74, 0, 142, 0),
	(1589, 60, 20, 73, 0, 146, 0),
	(1590, 60, 21, 74, 0, 150, 0),
	(1591, 60, 22, 38, 0, 154, 0),
	(1592, 60, 23, 29, 0, 158, 0),
	(1593, 60, 24, 19, 0, 162, 0),
	(1594, 60, 25, 93, 0, 166, 0),
	(1595, 60, 26, 56, 0, 170, 0),
	(1596, 60, 27, 24, 0, 174, 0),
	(1597, 61, 1, 81, 0, 74, 0),
	(1598, 61, 2, 6, 0, 78, 0),
	(1599, 61, 3, 27, 0, 82, 0),
	(1600, 61, 4, 67, 0, 86, 0),
	(1601, 61, 5, 8, 0, 90, 0),
	(1602, 61, 6, 53, 0, 94, 0),
	(1603, 61, 7, 95, 0, 98, 0),
	(1604, 61, 8, 12, 0, 102, 0),
	(1605, 61, 9, 80, 0, 106, 0),
	(1606, 61, 10, 90, 0, 110, 0),
	(1607, 61, 11, 4, 0, 114, 0),
	(1608, 61, 12, 44, 0, 118, 0),
	(1609, 61, 13, 19, 0, 122, 0),
	(1610, 61, 14, 37, 0, 126, 0),
	(1611, 61, 15, 75, 0, 130, 0),
	(1612, 61, 16, 86, 0, 134, 0),
	(1613, 61, 17, 98, 0, 138, 0),
	(1614, 61, 18, 89, 0, 142, 0),
	(1615, 61, 20, 84, 0, 146, 0),
	(1616, 61, 21, 14, 0, 150, 0),
	(1617, 61, 22, 22, 0, 154, 0),
	(1618, 61, 23, 74, 0, 158, 0),
	(1619, 61, 24, 34, 0, 162, 0),
	(1620, 61, 25, 96, 0, 166, 0),
	(1621, 61, 26, 41, 0, 170, 0),
	(1622, 61, 27, 32, 0, 174, 0),
	(1623, 62, 1, 76, 0, 74, 0),
	(1624, 62, 2, 80, 0, 78, 0),
	(1625, 62, 3, 3, 0, 82, 0),
	(1626, 62, 4, 75, 0, 86, 0),
	(1627, 62, 5, 12, 0, 90, 0),
	(1628, 62, 6, 13, 0, 94, 0),
	(1629, 62, 7, 55, 0, 98, 0),
	(1630, 62, 8, 77, 0, 102, 0),
	(1631, 62, 9, 100, 0, 106, 0),
	(1632, 62, 10, 53, 0, 110, 0),
	(1633, 62, 11, 58, 0, 114, 0),
	(1634, 62, 12, 88, 0, 118, 0),
	(1635, 62, 13, 94, 0, 122, 0),
	(1636, 62, 14, 50, 0, 126, 0),
	(1637, 62, 15, 71, 0, 130, 0),
	(1638, 62, 16, 55, 0, 134, 0),
	(1639, 62, 17, 74, 0, 138, 0),
	(1640, 62, 18, 66, 0, 142, 0),
	(1641, 62, 20, 9, 0, 146, 0),
	(1642, 62, 21, 32, 0, 150, 0),
	(1643, 62, 22, 97, 0, 154, 0),
	(1644, 62, 23, 87, 0, 158, 0),
	(1645, 62, 24, 30, 0, 162, 0),
	(1646, 62, 25, 53, 0, 166, 0),
	(1647, 62, 26, 3, 0, 170, 0),
	(1648, 62, 27, 46, 0, 174, 0),
	(1649, 63, 1, 90, 0, 74, 0),
	(1650, 63, 2, 8, 0, 78, 0),
	(1651, 63, 3, 9, 0, 82, 0),
	(1652, 63, 4, 56, 0, 86, 0),
	(1653, 63, 5, 98, 0, 90, 0),
	(1654, 63, 6, 71, 0, 94, 0),
	(1655, 63, 7, 87, 0, 98, 0),
	(1656, 63, 8, 95, 0, 102, 0),
	(1657, 63, 9, 5, 0, 106, 0),
	(1658, 63, 10, 15, 0, 110, 0),
	(1659, 63, 11, 15, 0, 114, 0),
	(1660, 63, 12, 41, 0, 118, 0),
	(1661, 63, 13, 85, 0, 122, 0),
	(1662, 63, 14, 96, 0, 126, 0),
	(1663, 63, 15, 90, 0, 130, 0),
	(1664, 63, 16, 66, 0, 134, 0),
	(1665, 63, 17, 37, 0, 138, 0),
	(1666, 63, 18, 64, 0, 142, 0),
	(1667, 63, 20, 93, 0, 146, 0),
	(1668, 63, 21, 45, 0, 150, 0),
	(1669, 63, 22, 44, 0, 154, 0),
	(1670, 63, 23, 91, 0, 158, 0),
	(1671, 63, 24, 87, 0, 162, 0),
	(1672, 63, 25, 42, 0, 166, 0),
	(1673, 63, 26, 12, 0, 170, 0),
	(1674, 63, 27, 49, 0, 174, 0),
	(1675, 64, 1, 25, 0, 74, 0),
	(1676, 64, 2, 85, 0, 78, 0),
	(1677, 64, 3, 29, 0, 82, 0),
	(1678, 64, 4, 37, 0, 86, 0),
	(1679, 64, 5, 58, 0, 90, 0),
	(1680, 64, 6, 8, 0, 94, 0),
	(1681, 64, 7, 91, 0, 98, 0),
	(1682, 64, 8, 91, 0, 102, 0),
	(1683, 64, 9, 38, 0, 106, 0),
	(1684, 64, 10, 70, 0, 110, 0),
	(1685, 64, 11, 16, 0, 114, 0),
	(1686, 64, 12, 2, 0, 118, 0),
	(1687, 64, 13, 33, 0, 122, 0),
	(1688, 64, 14, 71, 0, 126, 0),
	(1689, 64, 15, 23, 0, 130, 0),
	(1690, 64, 16, 1, 0, 134, 0),
	(1691, 64, 17, 57, 0, 138, 0),
	(1692, 64, 18, 67, 0, 142, 0),
	(1693, 64, 20, 48, 0, 146, 0),
	(1694, 64, 21, 50, 0, 150, 0),
	(1695, 64, 22, 20, 0, 154, 0),
	(1696, 64, 23, 13, 0, 158, 0),
	(1697, 64, 24, 94, 0, 162, 0),
	(1698, 64, 25, 29, 0, 166, 0),
	(1699, 64, 26, 1, 0, 170, 0),
	(1700, 64, 27, 8, 0, 174, 0),
	(1701, 65, 1, 7, 0, 74, 0),
	(1702, 65, 2, 47, 0, 78, 0),
	(1703, 65, 3, 17, 0, 82, 0),
	(1704, 65, 4, 35, 0, 86, 0),
	(1705, 65, 5, 23, 0, 90, 0),
	(1706, 65, 6, 82, 0, 94, 0),
	(1707, 65, 7, 43, 0, 98, 0),
	(1708, 65, 8, 4, 0, 102, 0),
	(1709, 65, 9, 10, 0, 106, 0),
	(1710, 65, 10, 16, 0, 110, 0),
	(1711, 65, 11, 49, 0, 114, 0),
	(1712, 65, 12, 57, 0, 118, 0),
	(1713, 65, 13, 50, 0, 122, 0),
	(1714, 65, 14, 5, 0, 126, 0),
	(1715, 65, 15, 69, 0, 130, 0),
	(1716, 65, 16, 33, 0, 134, 0),
	(1717, 65, 17, 30, 0, 138, 0),
	(1718, 65, 18, 100, 0, 142, 0),
	(1719, 65, 20, 59, 0, 146, 0),
	(1720, 65, 21, 2, 0, 150, 0),
	(1721, 65, 22, 50, 0, 154, 0),
	(1722, 65, 23, 8, 0, 158, 0),
	(1723, 65, 24, 73, 0, 162, 0),
	(1724, 65, 25, 83, 0, 166, 0),
	(1725, 65, 26, 20, 0, 170, 0),
	(1726, 65, 27, 56, 0, 174, 0),
	(1727, 66, 1, 99, 0, 74, 0),
	(1728, 66, 2, 51, 0, 78, 0),
	(1729, 66, 3, 86, 0, 82, 0),
	(1730, 66, 4, 36, 0, 86, 0),
	(1731, 66, 5, 37, 0, 90, 0),
	(1732, 66, 6, 23, 0, 94, 0),
	(1733, 66, 7, 21, 0, 98, 0),
	(1734, 66, 8, 57, 0, 102, 0),
	(1735, 66, 9, 94, 0, 106, 0),
	(1736, 66, 10, 41, 0, 110, 0),
	(1737, 66, 11, 60, 0, 114, 0),
	(1738, 66, 12, 68, 0, 118, 0),
	(1739, 66, 13, 19, 0, 122, 0),
	(1740, 66, 14, 50, 0, 126, 0),
	(1741, 66, 15, 61, 0, 130, 0),
	(1742, 66, 16, 49, 0, 134, 0),
	(1743, 66, 17, 75, 0, 138, 0),
	(1744, 66, 18, 22, 0, 142, 0),
	(1745, 66, 20, 16, 0, 146, 0),
	(1746, 66, 21, 2, 0, 150, 0),
	(1747, 66, 22, 39, 0, 154, 0),
	(1748, 66, 23, 65, 0, 158, 0),
	(1749, 66, 24, 86, 0, 162, 0),
	(1750, 66, 25, 53, 0, 166, 0),
	(1751, 66, 26, 32, 0, 170, 0),
	(1752, 66, 27, 81, 0, 174, 0),
	(1753, 67, 1, 11, 0, 74, 0),
	(1754, 67, 2, 60, 0, 78, 0),
	(1755, 67, 3, 8, 0, 82, 0),
	(1756, 67, 4, 15, 0, 86, 0),
	(1757, 67, 5, 66, 0, 90, 0),
	(1758, 67, 6, 28, 0, 94, 0),
	(1759, 67, 7, 19, 0, 98, 0),
	(1760, 67, 8, 89, 0, 102, 0),
	(1761, 67, 9, 20, 0, 106, 0),
	(1762, 67, 10, 30, 0, 110, 0),
	(1763, 67, 11, 77, 0, 114, 0),
	(1764, 67, 12, 70, 0, 118, 0),
	(1765, 67, 13, 84, 0, 122, 0),
	(1766, 67, 14, 37, 0, 126, 0),
	(1767, 67, 15, 37, 0, 130, 0),
	(1768, 67, 16, 48, 0, 134, 0),
	(1769, 67, 17, 29, 0, 138, 0),
	(1770, 67, 18, 95, 0, 142, 0),
	(1771, 67, 20, 11, 0, 146, 0),
	(1772, 67, 21, 69, 0, 150, 0),
	(1773, 67, 22, 97, 0, 154, 0),
	(1774, 67, 23, 33, 0, 158, 0),
	(1775, 67, 24, 56, 0, 162, 0),
	(1776, 67, 25, 11, 0, 166, 0),
	(1777, 67, 26, 15, 0, 170, 0),
	(1778, 67, 27, 49, 0, 174, 0),
	(1779, 68, 1, 100, 0, 74, 0),
	(1780, 68, 2, 25, 0, 78, 0),
	(1781, 68, 3, 67, 0, 82, 0),
	(1782, 68, 4, 17, 0, 86, 0),
	(1783, 68, 5, 93, 0, 90, 0),
	(1784, 68, 6, 57, 0, 94, 0),
	(1785, 68, 7, 100, 0, 98, 0),
	(1786, 68, 8, 32, 0, 102, 0),
	(1787, 68, 9, 10, 0, 106, 0),
	(1788, 68, 10, 70, 0, 110, 0),
	(1789, 68, 11, 89, 0, 114, 0),
	(1790, 68, 12, 54, 0, 118, 0),
	(1791, 68, 13, 72, 0, 122, 0),
	(1792, 68, 14, 58, 0, 126, 0),
	(1793, 68, 15, 45, 0, 130, 0),
	(1794, 68, 16, 71, 0, 134, 0),
	(1795, 68, 17, 6, 0, 138, 0),
	(1796, 68, 18, 9, 0, 142, 0),
	(1797, 68, 20, 76, 0, 146, 0),
	(1798, 68, 21, 98, 0, 150, 0),
	(1799, 68, 22, 47, 0, 154, 0),
	(1800, 68, 23, 88, 0, 158, 0),
	(1801, 68, 24, 51, 0, 162, 0),
	(1802, 68, 25, 62, 0, 166, 0),
	(1803, 68, 26, 50, 0, 170, 0),
	(1804, 68, 27, 29, 0, 174, 0),
	(1805, 69, 1, 54, 0, 74, 0),
	(1806, 69, 2, 40, 0, 78, 0),
	(1807, 69, 3, 5, 0, 82, 0),
	(1808, 69, 4, 67, 0, 86, 0),
	(1809, 69, 5, 2, 0, 90, 0),
	(1810, 69, 6, 74, 0, 94, 0),
	(1811, 69, 7, 35, 0, 98, 0),
	(1812, 69, 8, 93, 0, 102, 0),
	(1813, 69, 9, 67, 0, 106, 0),
	(1814, 69, 10, 76, 0, 110, 0),
	(1815, 69, 11, 36, 0, 114, 0),
	(1816, 69, 12, 71, 0, 118, 0),
	(1817, 69, 13, 17, 0, 122, 0),
	(1818, 69, 14, 5, 0, 126, 0),
	(1819, 69, 15, 67, 0, 130, 0),
	(1820, 69, 16, 14, 0, 134, 0),
	(1821, 69, 17, 79, 0, 138, 0),
	(1822, 69, 18, 75, 0, 142, 0),
	(1823, 69, 20, 7, 0, 146, 0),
	(1824, 69, 21, 16, 0, 150, 0),
	(1825, 69, 22, 97, 0, 154, 0),
	(1826, 69, 23, 96, 0, 158, 0),
	(1827, 69, 24, 23, 0, 162, 0),
	(1828, 69, 25, 38, 0, 166, 0),
	(1829, 69, 26, 21, 0, 170, 0),
	(1830, 69, 27, 87, 0, 174, 0),
	(1831, 70, 1, 20, 0, 74, 0),
	(1832, 70, 2, 3, 0, 78, 0),
	(1833, 70, 3, 93, 0, 82, 0),
	(1834, 70, 4, 90, 0, 86, 0),
	(1835, 70, 5, 65, 0, 90, 0),
	(1836, 70, 6, 46, 0, 94, 0),
	(1837, 70, 7, 93, 0, 98, 0),
	(1838, 70, 8, 69, 0, 102, 0),
	(1839, 70, 9, 33, 0, 106, 0),
	(1840, 70, 10, 88, 0, 110, 0),
	(1841, 70, 11, 50, 0, 114, 0),
	(1842, 70, 12, 42, 0, 118, 0),
	(1843, 70, 13, 12, 0, 122, 0),
	(1844, 70, 14, 53, 0, 126, 0),
	(1845, 70, 15, 41, 0, 130, 0),
	(1846, 70, 16, 16, 0, 134, 0),
	(1847, 70, 17, 34, 0, 138, 0),
	(1848, 70, 18, 27, 0, 142, 0),
	(1849, 70, 20, 84, 0, 146, 0),
	(1850, 70, 21, 78, 0, 150, 0),
	(1851, 70, 22, 27, 0, 154, 0),
	(1852, 70, 23, 7, 0, 158, 0),
	(1853, 70, 24, 72, 0, 162, 0),
	(1854, 70, 25, 47, 0, 166, 0),
	(1855, 70, 26, 74, 0, 170, 0),
	(1856, 70, 27, 85, 0, 174, 0),
	(1857, 71, 1, 41, 0, 74, 0),
	(1858, 71, 2, 87, 0, 78, 0),
	(1859, 71, 3, 9, 0, 82, 0),
	(1860, 71, 4, 2, 0, 86, 0),
	(1861, 71, 5, 96, 0, 90, 0),
	(1862, 71, 6, 38, 0, 94, 0),
	(1863, 71, 7, 36, 0, 98, 0),
	(1864, 71, 8, 90, 0, 102, 0),
	(1865, 71, 9, 99, 0, 106, 0),
	(1866, 71, 10, 37, 0, 110, 0),
	(1867, 71, 11, 39, 0, 114, 0),
	(1868, 71, 12, 59, 0, 118, 0),
	(1869, 71, 13, 69, 0, 122, 0),
	(1870, 71, 14, 53, 0, 126, 0),
	(1871, 71, 15, 76, 0, 130, 0),
	(1872, 71, 16, 75, 0, 134, 0),
	(1873, 71, 17, 57, 0, 138, 0),
	(1874, 71, 18, 63, 0, 142, 0),
	(1875, 71, 20, 40, 0, 146, 0),
	(1876, 71, 21, 47, 0, 150, 0),
	(1877, 71, 22, 4, 0, 154, 0),
	(1878, 71, 23, 19, 0, 158, 0),
	(1879, 71, 24, 67, 0, 162, 0),
	(1880, 71, 25, 75, 0, 166, 0),
	(1881, 71, 26, 4, 0, 170, 0),
	(1882, 71, 27, 93, 0, 174, 0),
	(1883, 72, 1, 7, 0, 74, 0),
	(1884, 72, 2, 22, 0, 78, 0),
	(1885, 72, 3, 43, 0, 82, 0),
	(1886, 72, 4, 6, 0, 86, 0),
	(1887, 72, 5, 89, 0, 90, 0),
	(1888, 72, 6, 82, 0, 94, 0),
	(1889, 72, 7, 45, 0, 98, 0),
	(1890, 72, 8, 47, 0, 102, 0),
	(1891, 72, 9, 53, 0, 106, 0),
	(1892, 72, 10, 32, 0, 110, 0),
	(1893, 72, 11, 18, 0, 114, 0),
	(1894, 72, 12, 26, 0, 118, 0),
	(1895, 72, 13, 91, 0, 122, 0),
	(1896, 72, 14, 54, 0, 126, 0),
	(1897, 72, 15, 75, 0, 130, 0),
	(1898, 72, 16, 22, 0, 134, 0),
	(1899, 72, 17, 14, 0, 138, 0),
	(1900, 72, 18, 21, 0, 142, 0),
	(1901, 72, 20, 62, 0, 146, 0),
	(1902, 72, 21, 96, 0, 150, 0),
	(1903, 72, 22, 89, 0, 154, 0),
	(1904, 72, 23, 39, 0, 158, 0),
	(1905, 72, 24, 31, 0, 162, 0),
	(1906, 72, 25, 31, 0, 166, 0),
	(1907, 72, 26, 75, 0, 170, 0),
	(1908, 72, 27, 18, 0, 174, 0),
	(1909, 73, 1, 94, 0, 74, 0),
	(1910, 73, 2, 54, 0, 78, 0),
	(1911, 73, 3, 16, 0, 82, 0),
	(1912, 73, 4, 53, 0, 86, 0),
	(1913, 73, 5, 72, 0, 90, 0),
	(1914, 73, 6, 1, 0, 94, 0),
	(1915, 73, 7, 96, 0, 98, 0),
	(1916, 73, 8, 79, 0, 102, 0),
	(1917, 73, 9, 53, 0, 106, 0),
	(1918, 73, 10, 40, 0, 110, 0),
	(1919, 73, 11, 5, 0, 114, 0),
	(1920, 73, 12, 3, 0, 118, 0),
	(1921, 73, 13, 84, 0, 122, 0),
	(1922, 73, 14, 15, 0, 126, 0),
	(1923, 73, 15, 94, 0, 130, 0),
	(1924, 73, 16, 74, 0, 134, 0),
	(1925, 73, 17, 11, 0, 138, 0),
	(1926, 73, 18, 31, 0, 142, 0),
	(1927, 73, 20, 83, 0, 146, 0),
	(1928, 73, 21, 66, 0, 150, 0),
	(1929, 73, 22, 99, 0, 154, 0),
	(1930, 73, 23, 80, 0, 158, 0),
	(1931, 73, 24, 65, 0, 162, 0),
	(1932, 73, 25, 54, 0, 166, 0),
	(1933, 73, 26, 88, 0, 170, 0),
	(1934, 73, 27, 52, 0, 174, 0),
	(1935, 74, 1, 46, 0, 74, 0),
	(1936, 74, 2, 13, 0, 78, 0),
	(1937, 74, 3, 46, 0, 82, 0),
	(1938, 74, 4, 89, 0, 86, 0),
	(1939, 74, 5, 15, 0, 90, 0),
	(1940, 74, 6, 62, 0, 94, 0),
	(1941, 74, 7, 94, 0, 98, 0),
	(1942, 74, 8, 32, 0, 102, 0),
	(1943, 74, 9, 45, 0, 106, 0),
	(1944, 74, 10, 35, 0, 110, 0),
	(1945, 74, 11, 59, 0, 114, 0),
	(1946, 74, 12, 21, 0, 118, 0),
	(1947, 74, 13, 59, 0, 122, 0),
	(1948, 74, 14, 50, 0, 126, 0),
	(1949, 74, 15, 64, 0, 130, 0),
	(1950, 74, 16, 66, 0, 134, 0),
	(1951, 74, 17, 12, 0, 138, 0),
	(1952, 74, 18, 97, 0, 142, 0),
	(1953, 74, 20, 26, 0, 146, 0),
	(1954, 74, 21, 72, 0, 150, 0),
	(1955, 74, 22, 45, 0, 154, 0),
	(1956, 74, 23, 2, 0, 158, 0),
	(1957, 74, 24, 45, 0, 162, 0),
	(1958, 74, 25, 48, 0, 166, 0),
	(1959, 74, 26, 12, 0, 170, 0),
	(1960, 74, 27, 100, 0, 174, 0),
	(1961, 75, 1, 1, 0, 74, 0),
	(1962, 75, 2, 13, 0, 78, 0),
	(1963, 75, 3, 56, 0, 82, 0),
	(1964, 75, 4, 16, 0, 86, 0),
	(1965, 75, 5, 49, 0, 90, 0),
	(1966, 75, 6, 61, 0, 94, 0),
	(1967, 75, 7, 22, 0, 98, 0),
	(1968, 75, 8, 90, 0, 102, 0),
	(1969, 75, 9, 45, 0, 106, 0),
	(1970, 75, 10, 67, 0, 110, 0),
	(1971, 75, 11, 80, 0, 114, 0),
	(1972, 75, 12, 76, 0, 118, 0),
	(1973, 75, 13, 64, 0, 122, 0),
	(1974, 75, 14, 67, 0, 126, 0),
	(1975, 75, 15, 34, 0, 130, 0),
	(1976, 75, 16, 24, 0, 134, 0),
	(1977, 75, 17, 32, 0, 138, 0),
	(1978, 75, 18, 89, 0, 142, 0),
	(1979, 75, 20, 64, 0, 146, 0),
	(1980, 75, 21, 58, 0, 150, 0),
	(1981, 75, 22, 77, 0, 154, 0),
	(1982, 75, 23, 11, 0, 158, 0),
	(1983, 75, 24, 94, 0, 162, 0),
	(1984, 75, 25, 91, 0, 166, 0),
	(1985, 75, 26, 82, 0, 170, 0),
	(1986, 75, 27, 99, 0, 174, 0),
	(1987, 76, 1, 92, 0, 74, 0),
	(1988, 76, 2, 26, 0, 78, 0),
	(1989, 76, 3, 73, 0, 82, 0),
	(1990, 76, 4, 77, 0, 86, 0),
	(1991, 76, 5, 77, 0, 90, 0),
	(1992, 76, 6, 69, 0, 94, 0),
	(1993, 76, 7, 40, 0, 98, 0),
	(1994, 76, 8, 66, 0, 102, 0),
	(1995, 76, 9, 18, 0, 106, 0),
	(1996, 76, 10, 90, 0, 110, 0),
	(1997, 76, 11, 28, 0, 114, 0),
	(1998, 76, 12, 44, 0, 118, 0),
	(1999, 76, 13, 49, 0, 122, 0),
	(2000, 76, 14, 74, 0, 126, 0),
	(2001, 76, 15, 63, 0, 130, 0),
	(2002, 76, 16, 67, 0, 134, 0),
	(2003, 76, 17, 53, 0, 138, 0),
	(2004, 76, 18, 12, 0, 142, 0),
	(2005, 76, 20, 76, 0, 146, 0),
	(2006, 76, 21, 62, 0, 150, 0),
	(2007, 76, 22, 63, 0, 154, 0),
	(2008, 76, 23, 94, 0, 158, 0),
	(2009, 76, 24, 43, 0, 162, 0),
	(2010, 76, 25, 42, 0, 166, 0),
	(2011, 76, 26, 11, 0, 170, 0),
	(2012, 76, 27, 52, 0, 174, 0),
	(2013, 77, 1, 38, 0, 74, 0),
	(2014, 77, 2, 34, 0, 78, 0),
	(2015, 77, 3, 29, 0, 82, 0),
	(2016, 77, 4, 74, 0, 86, 0),
	(2017, 77, 5, 50, 0, 90, 0),
	(2018, 77, 6, 49, 0, 94, 0),
	(2019, 77, 7, 17, 0, 98, 0),
	(2020, 77, 8, 55, 0, 102, 0),
	(2021, 77, 9, 19, 0, 106, 0),
	(2022, 77, 10, 76, 0, 110, 0),
	(2023, 77, 11, 98, 0, 114, 0),
	(2024, 77, 12, 79, 0, 118, 0),
	(2025, 77, 13, 56, 0, 122, 0),
	(2026, 77, 14, 64, 0, 126, 0),
	(2027, 77, 15, 86, 0, 130, 0),
	(2028, 77, 16, 65, 0, 134, 0),
	(2029, 77, 17, 43, 0, 138, 0),
	(2030, 77, 18, 26, 0, 142, 0),
	(2031, 77, 20, 70, 0, 146, 0),
	(2032, 77, 21, 76, 0, 150, 0),
	(2033, 77, 22, 83, 0, 154, 0),
	(2034, 77, 23, 29, 0, 158, 0),
	(2035, 77, 24, 38, 0, 162, 0),
	(2036, 77, 25, 21, 0, 166, 0),
	(2037, 77, 26, 28, 0, 170, 0),
	(2038, 77, 27, 17, 0, 174, 0),
	(2039, 78, 1, 6, 0, 74, 0),
	(2040, 78, 2, 41, 0, 78, 0),
	(2041, 78, 3, 53, 0, 82, 0),
	(2042, 78, 4, 50, 0, 86, 0),
	(2043, 78, 5, 75, 0, 90, 0),
	(2044, 78, 6, 35, 0, 94, 0),
	(2045, 78, 7, 60, 0, 98, 0),
	(2046, 78, 8, 12, 0, 102, 0),
	(2047, 78, 9, 8, 0, 106, 0),
	(2048, 78, 10, 72, 0, 110, 0),
	(2049, 78, 11, 82, 0, 114, 0),
	(2050, 78, 12, 22, 0, 118, 0),
	(2051, 78, 13, 4, 0, 122, 0),
	(2052, 78, 14, 85, 0, 126, 0),
	(2053, 78, 15, 100, 0, 130, 0),
	(2054, 78, 16, 52, 0, 134, 0),
	(2055, 78, 17, 5, 0, 138, 0),
	(2056, 78, 18, 93, 0, 142, 0),
	(2057, 78, 20, 34, 0, 146, 0),
	(2058, 78, 21, 87, 0, 150, 0),
	(2059, 78, 22, 36, 0, 154, 0),
	(2060, 78, 23, 39, 0, 158, 0),
	(2061, 78, 24, 59, 0, 162, 0),
	(2062, 78, 25, 86, 0, 166, 0),
	(2063, 78, 26, 52, 0, 170, 0),
	(2064, 78, 27, 13, 0, 174, 0),
	(2065, 79, 1, 16, 0, 74, 0),
	(2066, 79, 2, 8, 0, 78, 0),
	(2067, 79, 3, 39, 0, 82, 0),
	(2068, 79, 4, 60, 0, 86, 0),
	(2069, 79, 5, 23, 0, 90, 0),
	(2070, 79, 6, 98, 0, 94, 0),
	(2071, 79, 7, 49, 0, 98, 0),
	(2072, 79, 8, 57, 0, 102, 0),
	(2073, 79, 9, 60, 0, 106, 0),
	(2074, 79, 10, 95, 0, 110, 0),
	(2075, 79, 11, 99, 0, 114, 0),
	(2076, 79, 12, 31, 0, 118, 0),
	(2077, 79, 13, 76, 0, 122, 0),
	(2078, 79, 14, 78, 0, 126, 0),
	(2079, 79, 15, 14, 0, 130, 0),
	(2080, 79, 16, 85, 0, 134, 0),
	(2081, 79, 17, 98, 0, 138, 0),
	(2082, 79, 18, 28, 0, 142, 0),
	(2083, 79, 20, 75, 0, 146, 0),
	(2084, 79, 21, 25, 0, 150, 0),
	(2085, 79, 22, 10, 0, 154, 0),
	(2086, 79, 23, 89, 0, 158, 0),
	(2087, 79, 24, 10, 0, 162, 0),
	(2088, 79, 25, 10, 0, 166, 0),
	(2089, 79, 26, 27, 0, 170, 0),
	(2090, 79, 27, 31, 0, 174, 0),
	(2091, 80, 1, 15, 0, 74, 0),
	(2092, 80, 2, 1, 0, 78, 0),
	(2093, 80, 3, 16, 0, 82, 0),
	(2094, 80, 4, 52, 0, 86, 0),
	(2095, 80, 5, 19, 0, 90, 0),
	(2096, 80, 6, 93, 0, 94, 0),
	(2097, 80, 7, 53, 0, 98, 0),
	(2098, 80, 8, 66, 0, 102, 0),
	(2099, 80, 9, 96, 0, 106, 0),
	(2100, 80, 10, 58, 0, 110, 0),
	(2101, 80, 11, 3, 0, 114, 0),
	(2102, 80, 12, 77, 0, 118, 0),
	(2103, 80, 13, 43, 0, 122, 0),
	(2104, 80, 14, 52, 0, 126, 0),
	(2105, 80, 15, 71, 0, 130, 0),
	(2106, 80, 16, 72, 0, 134, 0),
	(2107, 80, 17, 1, 0, 138, 0),
	(2108, 80, 18, 31, 0, 142, 0),
	(2109, 80, 20, 77, 0, 146, 0),
	(2110, 80, 21, 47, 0, 150, 0),
	(2111, 80, 22, 71, 0, 154, 0),
	(2112, 80, 23, 26, 0, 158, 0),
	(2113, 80, 24, 8, 0, 162, 0),
	(2114, 80, 25, 78, 0, 166, 0),
	(2115, 80, 26, 82, 0, 170, 0),
	(2116, 80, 27, 27, 0, 174, 0),
	(2117, 81, 1, 43, 0, 74, 0),
	(2118, 81, 2, 33, 0, 78, 0),
	(2119, 81, 3, 18, 0, 82, 0),
	(2120, 81, 4, 32, 0, 86, 0),
	(2121, 81, 5, 19, 0, 90, 0),
	(2122, 81, 6, 38, 0, 94, 0),
	(2123, 81, 7, 4, 0, 98, 0),
	(2124, 81, 8, 96, 0, 102, 0),
	(2125, 81, 9, 68, 0, 106, 0),
	(2126, 81, 10, 69, 0, 110, 0),
	(2127, 81, 11, 1, 0, 114, 0),
	(2128, 81, 12, 52, 0, 118, 0),
	(2129, 81, 13, 76, 0, 122, 0),
	(2130, 81, 14, 45, 0, 126, 0),
	(2131, 81, 15, 59, 0, 130, 0),
	(2132, 81, 16, 22, 0, 134, 0),
	(2133, 81, 17, 66, 0, 138, 0),
	(2134, 81, 18, 1, 0, 142, 0),
	(2135, 81, 20, 43, 0, 146, 0),
	(2136, 81, 21, 63, 0, 150, 0),
	(2137, 81, 22, 16, 0, 154, 0),
	(2138, 81, 23, 42, 0, 158, 0),
	(2139, 81, 24, 19, 0, 162, 0),
	(2140, 81, 25, 62, 0, 166, 0),
	(2141, 81, 26, 8, 0, 170, 0),
	(2142, 81, 27, 27, 0, 174, 0),
	(2143, 82, 1, 59, 0, 74, 0),
	(2144, 82, 2, 39, 0, 78, 0),
	(2145, 82, 3, 92, 0, 82, 0),
	(2146, 82, 4, 47, 0, 86, 0),
	(2147, 82, 5, 62, 0, 90, 0),
	(2148, 82, 6, 20, 0, 94, 0),
	(2149, 82, 7, 67, 0, 98, 0),
	(2150, 82, 8, 15, 0, 102, 0),
	(2151, 82, 9, 72, 0, 106, 0),
	(2152, 82, 10, 90, 0, 110, 0),
	(2153, 82, 11, 50, 0, 114, 0),
	(2154, 82, 12, 40, 0, 118, 0),
	(2155, 82, 13, 87, 0, 122, 0),
	(2156, 82, 14, 55, 0, 126, 0),
	(2157, 82, 15, 44, 0, 130, 0),
	(2158, 82, 16, 52, 0, 134, 0),
	(2159, 82, 17, 49, 0, 138, 0),
	(2160, 82, 18, 1, 0, 142, 0),
	(2161, 82, 20, 66, 0, 146, 0),
	(2162, 82, 21, 77, 0, 150, 0),
	(2163, 82, 22, 48, 0, 154, 0),
	(2164, 82, 23, 100, 0, 158, 0),
	(2165, 82, 24, 93, 0, 162, 0),
	(2166, 82, 25, 12, 0, 166, 0),
	(2167, 82, 26, 28, 0, 170, 0),
	(2168, 82, 27, 26, 0, 174, 0),
	(2169, 83, 1, 56, 0, 74, 0),
	(2170, 83, 2, 51, 0, 78, 0),
	(2171, 83, 3, 85, 0, 82, 0),
	(2172, 83, 4, 98, 0, 86, 0),
	(2173, 83, 5, 54, 0, 90, 0),
	(2174, 83, 6, 55, 0, 94, 0),
	(2175, 83, 7, 85, 0, 98, 0),
	(2176, 83, 8, 50, 0, 102, 0),
	(2177, 83, 9, 36, 0, 106, 0),
	(2178, 83, 10, 75, 0, 110, 0),
	(2179, 83, 11, 79, 0, 114, 0),
	(2180, 83, 12, 76, 0, 118, 0),
	(2181, 83, 13, 27, 0, 122, 0),
	(2182, 83, 14, 35, 0, 126, 0),
	(2183, 83, 15, 65, 0, 130, 0),
	(2184, 83, 16, 56, 0, 134, 0),
	(2185, 83, 17, 52, 0, 138, 0),
	(2186, 83, 18, 21, 0, 142, 0),
	(2187, 83, 20, 47, 0, 146, 0),
	(2188, 83, 21, 96, 0, 150, 0),
	(2189, 83, 22, 57, 0, 154, 0),
	(2190, 83, 23, 34, 0, 158, 0),
	(2191, 83, 24, 48, 0, 162, 0),
	(2192, 83, 25, 43, 0, 166, 0),
	(2193, 83, 26, 52, 0, 170, 0),
	(2194, 83, 27, 73, 0, 174, 0),
	(2195, 84, 1, 58, 0, 74, 0),
	(2196, 84, 2, 93, 0, 78, 0),
	(2197, 84, 3, 71, 0, 82, 0),
	(2198, 84, 4, 65, 0, 86, 0),
	(2199, 84, 5, 83, 0, 90, 0),
	(2200, 84, 6, 16, 0, 94, 0),
	(2201, 84, 7, 73, 0, 98, 0),
	(2202, 84, 8, 58, 0, 102, 0),
	(2203, 84, 9, 9, 0, 106, 0),
	(2204, 84, 10, 68, 0, 110, 0),
	(2205, 84, 11, 27, 0, 114, 0),
	(2206, 84, 12, 50, 0, 118, 0),
	(2207, 84, 13, 95, 0, 122, 0),
	(2208, 84, 14, 43, 0, 126, 0),
	(2209, 84, 15, 95, 0, 130, 0),
	(2210, 84, 16, 71, 0, 134, 0),
	(2211, 84, 17, 26, 0, 138, 0),
	(2212, 84, 18, 26, 0, 142, 0),
	(2213, 84, 20, 85, 0, 146, 0),
	(2214, 84, 21, 16, 0, 150, 0),
	(2215, 84, 22, 73, 0, 154, 0),
	(2216, 84, 23, 60, 0, 158, 0),
	(2217, 84, 24, 42, 0, 162, 0),
	(2218, 84, 25, 83, 0, 166, 0),
	(2219, 84, 26, 25, 0, 170, 0),
	(2220, 84, 27, 97, 0, 174, 0),
	(2221, 85, 1, 2, 0, 74, 0),
	(2222, 85, 2, 61, 0, 78, 0),
	(2223, 85, 3, 71, 0, 82, 0),
	(2224, 85, 4, 62, 0, 86, 0),
	(2225, 85, 5, 83, 0, 90, 0),
	(2226, 85, 6, 64, 0, 94, 0),
	(2227, 85, 7, 18, 0, 98, 0),
	(2228, 85, 8, 26, 0, 102, 0),
	(2229, 85, 9, 94, 0, 106, 0),
	(2230, 85, 10, 69, 0, 110, 0),
	(2231, 85, 11, 37, 0, 114, 0),
	(2232, 85, 12, 100, 0, 118, 0),
	(2233, 85, 13, 14, 0, 122, 0),
	(2234, 85, 14, 87, 0, 126, 0),
	(2235, 85, 15, 94, 0, 130, 0),
	(2236, 85, 16, 24, 0, 134, 0),
	(2237, 85, 17, 38, 0, 138, 0),
	(2238, 85, 18, 11, 0, 142, 0),
	(2239, 85, 20, 59, 0, 146, 0),
	(2240, 85, 21, 14, 0, 150, 0),
	(2241, 85, 22, 73, 0, 154, 0),
	(2242, 85, 23, 31, 0, 158, 0),
	(2243, 85, 24, 88, 0, 162, 0),
	(2244, 85, 25, 90, 0, 166, 0),
	(2245, 85, 26, 75, 0, 170, 0),
	(2246, 85, 27, 5, 0, 174, 0),
	(2247, 86, 1, 23, 0, 74, 0),
	(2248, 86, 2, 70, 0, 78, 0),
	(2249, 86, 3, 12, 0, 82, 0),
	(2250, 86, 4, 57, 0, 86, 0),
	(2251, 86, 5, 97, 0, 90, 0),
	(2252, 86, 6, 91, 0, 94, 0),
	(2253, 86, 7, 41, 0, 98, 0),
	(2254, 86, 8, 32, 0, 102, 0),
	(2255, 86, 9, 1, 0, 106, 0),
	(2256, 86, 10, 9, 0, 110, 0),
	(2257, 86, 11, 59, 0, 114, 0),
	(2258, 86, 12, 2, 0, 118, 0),
	(2259, 86, 13, 45, 0, 122, 0),
	(2260, 86, 14, 77, 0, 126, 0),
	(2261, 86, 15, 32, 0, 130, 0),
	(2262, 86, 16, 28, 0, 134, 0),
	(2263, 86, 17, 32, 0, 138, 0),
	(2264, 86, 18, 3, 0, 142, 0),
	(2265, 86, 20, 17, 0, 146, 0),
	(2266, 86, 21, 77, 0, 150, 0),
	(2267, 86, 22, 32, 0, 154, 0),
	(2268, 86, 23, 30, 0, 158, 0),
	(2269, 86, 24, 21, 0, 162, 0),
	(2270, 86, 25, 75, 0, 166, 0),
	(2271, 86, 26, 69, 0, 170, 0),
	(2272, 86, 27, 51, 0, 174, 0),
	(2273, 87, 1, 51, 0, 74, 0),
	(2274, 87, 2, 10, 0, 78, 0),
	(2275, 87, 3, 16, 0, 82, 0),
	(2276, 87, 4, 71, 0, 86, 0),
	(2277, 87, 5, 12, 0, 90, 0),
	(2278, 87, 6, 78, 0, 94, 0),
	(2279, 87, 7, 76, 0, 98, 0),
	(2280, 87, 8, 97, 0, 102, 0),
	(2281, 87, 9, 82, 0, 106, 0),
	(2282, 87, 10, 47, 0, 110, 0),
	(2283, 87, 11, 23, 0, 114, 0),
	(2284, 87, 12, 7, 0, 118, 0),
	(2285, 87, 13, 46, 0, 122, 0),
	(2286, 87, 14, 79, 0, 126, 0),
	(2287, 87, 15, 96, 0, 130, 0),
	(2288, 87, 16, 51, 0, 134, 0),
	(2289, 87, 17, 24, 0, 138, 0),
	(2290, 87, 18, 69, 0, 142, 0),
	(2291, 87, 20, 43, 0, 146, 0),
	(2292, 87, 21, 100, 0, 150, 0),
	(2293, 87, 22, 60, 0, 154, 0),
	(2294, 87, 23, 17, 0, 158, 0),
	(2295, 87, 24, 85, 0, 162, 0),
	(2296, 87, 25, 100, 0, 166, 0),
	(2297, 87, 26, 40, 0, 170, 0),
	(2298, 87, 27, 21, 0, 174, 0),
	(2299, 88, 1, 46, 0, 74, 0),
	(2300, 88, 2, 98, 0, 78, 0),
	(2301, 88, 3, 13, 0, 82, 0),
	(2302, 88, 4, 50, 0, 86, 0),
	(2303, 88, 5, 4, 0, 90, 0),
	(2304, 88, 6, 90, 0, 94, 0),
	(2305, 88, 7, 89, 0, 98, 0),
	(2306, 88, 8, 81, 0, 102, 0),
	(2307, 88, 9, 85, 0, 106, 0),
	(2308, 88, 10, 33, 0, 110, 0),
	(2309, 88, 11, 97, 0, 114, 0),
	(2310, 88, 12, 46, 0, 118, 0),
	(2311, 88, 13, 44, 0, 122, 0),
	(2312, 88, 14, 76, 0, 126, 0),
	(2313, 88, 15, 75, 0, 130, 0),
	(2314, 88, 16, 67, 0, 134, 0),
	(2315, 88, 17, 73, 0, 138, 0),
	(2316, 88, 18, 72, 0, 142, 0),
	(2317, 88, 20, 62, 0, 146, 0),
	(2318, 88, 21, 42, 0, 150, 0),
	(2319, 88, 22, 77, 0, 154, 0),
	(2320, 88, 23, 48, 0, 158, 0),
	(2321, 88, 24, 83, 0, 162, 0),
	(2322, 88, 25, 87, 0, 166, 0),
	(2323, 88, 26, 25, 0, 170, 0),
	(2324, 88, 27, 14, 0, 174, 0),
	(2325, 89, 1, 79, 0, 74, 0),
	(2326, 89, 2, 17, 0, 78, 0),
	(2327, 89, 3, 79, 0, 82, 0),
	(2328, 89, 4, 30, 0, 86, 0),
	(2329, 89, 5, 53, 0, 90, 0),
	(2330, 89, 6, 48, 0, 94, 0),
	(2331, 89, 7, 33, 0, 98, 0),
	(2332, 89, 8, 30, 0, 102, 0),
	(2333, 89, 9, 94, 0, 106, 0),
	(2334, 89, 10, 37, 0, 110, 0),
	(2335, 89, 11, 65, 0, 114, 0),
	(2336, 89, 12, 95, 0, 118, 0),
	(2337, 89, 13, 68, 0, 122, 0),
	(2338, 89, 14, 24, 0, 126, 0),
	(2339, 89, 15, 92, 0, 130, 0),
	(2340, 89, 16, 80, 0, 134, 0),
	(2341, 89, 17, 31, 0, 138, 0),
	(2342, 89, 18, 87, 0, 142, 0),
	(2343, 89, 20, 61, 0, 146, 0),
	(2344, 89, 21, 95, 0, 150, 0),
	(2345, 89, 22, 12, 0, 154, 0),
	(2346, 89, 23, 21, 0, 158, 0),
	(2347, 89, 24, 90, 0, 162, 0),
	(2348, 89, 25, 85, 0, 166, 0),
	(2349, 89, 26, 91, 0, 170, 0),
	(2350, 89, 27, 34, 0, 174, 0),
	(2351, 90, 1, 5, 0, 74, 0),
	(2352, 90, 2, 68, 0, 78, 0),
	(2353, 90, 3, 10, 0, 82, 0),
	(2354, 90, 4, 87, 0, 86, 0),
	(2355, 90, 5, 35, 0, 90, 0),
	(2356, 90, 6, 7, 0, 94, 0),
	(2357, 90, 7, 93, 0, 98, 0),
	(2358, 90, 8, 68, 0, 102, 0),
	(2359, 90, 9, 54, 0, 106, 0),
	(2360, 90, 10, 35, 0, 110, 0),
	(2361, 90, 11, 11, 0, 114, 0),
	(2362, 90, 12, 93, 0, 118, 0),
	(2363, 90, 13, 37, 0, 122, 0),
	(2364, 90, 14, 72, 0, 126, 0),
	(2365, 90, 15, 35, 0, 130, 0),
	(2366, 90, 16, 82, 0, 134, 0),
	(2367, 90, 17, 78, 0, 138, 0),
	(2368, 90, 18, 94, 0, 142, 0),
	(2369, 90, 20, 84, 0, 146, 0),
	(2370, 90, 21, 91, 0, 150, 0),
	(2371, 90, 22, 47, 0, 154, 0),
	(2372, 90, 23, 68, 0, 158, 0),
	(2373, 90, 24, 81, 0, 162, 0),
	(2374, 90, 25, 32, 0, 166, 0),
	(2375, 90, 26, 35, 0, 170, 0),
	(2376, 90, 27, 29, 0, 174, 0),
	(2377, 91, 1, 74, 0, 74, 0),
	(2378, 91, 2, 41, 0, 78, 0),
	(2379, 91, 3, 67, 0, 82, 0),
	(2380, 91, 4, 55, 0, 86, 0),
	(2381, 91, 5, 62, 0, 90, 0),
	(2382, 91, 6, 73, 0, 94, 0),
	(2383, 91, 7, 20, 0, 98, 0),
	(2384, 91, 8, 42, 0, 102, 0),
	(2385, 91, 9, 54, 0, 106, 0),
	(2386, 91, 10, 64, 0, 110, 0),
	(2387, 91, 11, 100, 0, 114, 0),
	(2388, 91, 12, 43, 0, 118, 0),
	(2389, 91, 13, 98, 0, 122, 0),
	(2390, 91, 14, 56, 0, 126, 0),
	(2391, 91, 15, 93, 0, 130, 0),
	(2392, 91, 16, 52, 0, 134, 0),
	(2393, 91, 17, 71, 0, 138, 0),
	(2394, 91, 18, 100, 0, 142, 0),
	(2395, 91, 20, 18, 0, 146, 0),
	(2396, 91, 21, 92, 0, 150, 0),
	(2397, 91, 22, 7, 0, 154, 0),
	(2398, 91, 23, 7, 0, 158, 0),
	(2399, 91, 24, 12, 0, 162, 0),
	(2400, 91, 25, 31, 0, 166, 0),
	(2401, 91, 26, 48, 0, 170, 0),
	(2402, 91, 27, 18, 0, 174, 0),
	(2403, 92, 1, 45, 0, 74, 0),
	(2404, 92, 2, 1, 0, 78, 0),
	(2405, 92, 3, 44, 0, 82, 0),
	(2406, 92, 4, 38, 0, 86, 0),
	(2407, 92, 5, 38, 0, 90, 0),
	(2408, 92, 6, 77, 0, 94, 0),
	(2409, 92, 7, 85, 0, 98, 0),
	(2410, 92, 8, 29, 0, 102, 0),
	(2411, 92, 9, 63, 0, 106, 0),
	(2412, 92, 10, 35, 0, 110, 0),
	(2413, 92, 11, 81, 0, 114, 0),
	(2414, 92, 12, 60, 0, 118, 0),
	(2415, 92, 13, 81, 0, 122, 0),
	(2416, 92, 14, 90, 0, 126, 0),
	(2417, 92, 15, 77, 0, 130, 0),
	(2418, 92, 16, 25, 0, 134, 0),
	(2419, 92, 17, 32, 0, 138, 0),
	(2420, 92, 18, 23, 0, 142, 0),
	(2421, 92, 20, 3, 0, 146, 0),
	(2422, 92, 21, 83, 0, 150, 0),
	(2423, 92, 22, 91, 0, 154, 0),
	(2424, 92, 23, 84, 0, 158, 0),
	(2425, 92, 24, 46, 0, 162, 0),
	(2426, 92, 25, 81, 0, 166, 0),
	(2427, 92, 26, 80, 0, 170, 0),
	(2428, 92, 27, 56, 0, 174, 0),
	(2429, 93, 1, 74, 0, 74, 0),
	(2430, 93, 2, 6, 0, 78, 0),
	(2431, 93, 3, 8, 0, 82, 0),
	(2432, 93, 4, 72, 0, 86, 0),
	(2433, 93, 5, 52, 0, 90, 0),
	(2434, 93, 6, 7, 0, 94, 0),
	(2435, 93, 7, 99, 0, 98, 0),
	(2436, 93, 8, 22, 0, 102, 0),
	(2437, 93, 9, 40, 0, 106, 0),
	(2438, 93, 10, 24, 0, 110, 0),
	(2439, 93, 11, 28, 0, 114, 0),
	(2440, 93, 12, 4, 0, 118, 0),
	(2441, 93, 13, 49, 0, 122, 0),
	(2442, 93, 14, 43, 0, 126, 0),
	(2443, 93, 15, 91, 0, 130, 0),
	(2444, 93, 16, 56, 0, 134, 0),
	(2445, 93, 17, 96, 0, 138, 0),
	(2446, 93, 18, 65, 0, 142, 0),
	(2447, 93, 20, 86, 0, 146, 0),
	(2448, 93, 21, 88, 0, 150, 0),
	(2449, 93, 22, 98, 0, 154, 0),
	(2450, 93, 23, 85, 0, 158, 0),
	(2451, 93, 24, 29, 0, 162, 0),
	(2452, 93, 25, 24, 0, 166, 0),
	(2453, 93, 26, 45, 0, 170, 0),
	(2454, 93, 27, 51, 0, 174, 0),
	(2455, 94, 1, 29, 0, 74, 0),
	(2456, 94, 2, 9, 0, 78, 0),
	(2457, 94, 3, 80, 0, 82, 0),
	(2458, 94, 4, 52, 0, 86, 0),
	(2459, 94, 5, 27, 0, 90, 0),
	(2460, 94, 6, 51, 0, 94, 0),
	(2461, 94, 7, 32, 0, 98, 0),
	(2462, 94, 8, 1, 0, 102, 0),
	(2463, 94, 9, 85, 0, 106, 0),
	(2464, 94, 10, 52, 0, 110, 0),
	(2465, 94, 11, 75, 0, 114, 0),
	(2466, 94, 12, 18, 0, 118, 0),
	(2467, 94, 13, 31, 0, 122, 0),
	(2468, 94, 14, 17, 0, 126, 0),
	(2469, 94, 15, 79, 0, 130, 0),
	(2470, 94, 16, 22, 0, 134, 0),
	(2471, 94, 17, 66, 0, 138, 0),
	(2472, 94, 18, 96, 0, 142, 0),
	(2473, 94, 20, 41, 0, 146, 0),
	(2474, 94, 21, 15, 0, 150, 0),
	(2475, 94, 22, 55, 0, 154, 0),
	(2476, 94, 23, 67, 0, 158, 0),
	(2477, 94, 24, 26, 0, 162, 0),
	(2478, 94, 25, 50, 0, 166, 0),
	(2479, 94, 26, 8, 0, 170, 0),
	(2480, 94, 27, 6, 0, 174, 0),
	(2481, 95, 1, 79, 0, 74, 0),
	(2482, 95, 2, 11, 0, 78, 0),
	(2483, 95, 3, 13, 0, 82, 0),
	(2484, 95, 4, 32, 0, 86, 0),
	(2485, 95, 5, 86, 0, 90, 0),
	(2486, 95, 6, 79, 0, 94, 0),
	(2487, 95, 7, 21, 0, 98, 0),
	(2488, 95, 8, 45, 0, 102, 0),
	(2489, 95, 9, 27, 0, 106, 0),
	(2490, 95, 10, 12, 0, 110, 0),
	(2491, 95, 11, 71, 0, 114, 0),
	(2492, 95, 12, 30, 0, 118, 0),
	(2493, 95, 13, 31, 0, 122, 0),
	(2494, 95, 14, 14, 0, 126, 0),
	(2495, 95, 15, 14, 0, 130, 0),
	(2496, 95, 16, 34, 0, 134, 0),
	(2497, 95, 17, 65, 0, 138, 0),
	(2498, 95, 18, 89, 0, 142, 0),
	(2499, 95, 20, 44, 0, 146, 0),
	(2500, 95, 21, 60, 0, 150, 0),
	(2501, 95, 22, 30, 0, 154, 0),
	(2502, 95, 23, 23, 0, 158, 0),
	(2503, 95, 24, 15, 0, 162, 0),
	(2504, 95, 25, 52, 0, 166, 0),
	(2505, 95, 26, 50, 0, 170, 0),
	(2506, 95, 27, 50, 0, 174, 0),
	(2507, 96, 1, 56, 0, 74, 0),
	(2508, 96, 2, 47, 0, 78, 0),
	(2509, 96, 3, 29, 0, 82, 0),
	(2510, 96, 4, 22, 0, 86, 0),
	(2511, 96, 5, 50, 0, 90, 0),
	(2512, 96, 6, 11, 0, 94, 0),
	(2513, 96, 7, 26, 0, 98, 0),
	(2514, 96, 8, 18, 0, 102, 0),
	(2515, 96, 9, 72, 0, 106, 0),
	(2516, 96, 10, 42, 0, 110, 0),
	(2517, 96, 11, 66, 0, 114, 0),
	(2518, 96, 12, 1, 0, 118, 0),
	(2519, 96, 13, 15, 0, 122, 0),
	(2520, 96, 14, 86, 0, 126, 0),
	(2521, 96, 15, 12, 0, 130, 0),
	(2522, 96, 16, 56, 0, 134, 0),
	(2523, 96, 17, 81, 0, 138, 0),
	(2524, 96, 18, 17, 0, 142, 0),
	(2525, 96, 20, 26, 0, 146, 0),
	(2526, 96, 21, 100, 0, 150, 0),
	(2527, 96, 22, 18, 0, 154, 0),
	(2528, 96, 23, 62, 0, 158, 0),
	(2529, 96, 24, 72, 0, 162, 0),
	(2530, 96, 25, 79, 0, 166, 0),
	(2531, 96, 26, 29, 0, 170, 0),
	(2532, 96, 27, 50, 0, 174, 0),
	(2533, 97, 1, 52, 0, 74, 0),
	(2534, 97, 2, 42, 0, 78, 0),
	(2535, 97, 3, 78, 0, 82, 0),
	(2536, 97, 4, 22, 0, 86, 0),
	(2537, 97, 5, 64, 0, 90, 0),
	(2538, 97, 6, 80, 0, 94, 0),
	(2539, 97, 7, 89, 0, 98, 0),
	(2540, 97, 8, 48, 0, 102, 0),
	(2541, 97, 9, 24, 0, 106, 0),
	(2542, 97, 10, 88, 0, 110, 0),
	(2543, 97, 11, 36, 0, 114, 0),
	(2544, 97, 12, 11, 0, 118, 0),
	(2545, 97, 13, 36, 0, 122, 0),
	(2546, 97, 14, 56, 0, 126, 0),
	(2547, 97, 15, 38, 0, 130, 0),
	(2548, 97, 16, 40, 0, 134, 0),
	(2549, 97, 17, 56, 0, 138, 0),
	(2550, 97, 18, 84, 0, 142, 0),
	(2551, 97, 20, 33, 0, 146, 0),
	(2552, 97, 21, 14, 0, 150, 0),
	(2553, 97, 22, 70, 0, 154, 0),
	(2554, 97, 23, 50, 0, 158, 0),
	(2555, 97, 24, 91, 0, 162, 0),
	(2556, 97, 25, 100, 0, 166, 0),
	(2557, 97, 26, 37, 0, 170, 0),
	(2558, 97, 27, 81, 0, 174, 0),
	(2559, 98, 1, 74, 0, 74, 0),
	(2560, 98, 2, 87, 0, 78, 0),
	(2561, 98, 3, 95, 0, 82, 0),
	(2562, 98, 4, 4, 0, 86, 0),
	(2563, 98, 5, 3, 0, 90, 0),
	(2564, 98, 6, 3, 0, 94, 0),
	(2565, 98, 7, 30, 0, 98, 0),
	(2566, 98, 8, 4, 0, 102, 0),
	(2567, 98, 9, 38, 0, 106, 0),
	(2568, 98, 10, 50, 0, 110, 0),
	(2569, 98, 11, 41, 0, 114, 0),
	(2570, 98, 12, 28, 0, 118, 0),
	(2571, 98, 13, 28, 0, 122, 0),
	(2572, 98, 14, 17, 0, 126, 0),
	(2573, 98, 15, 98, 0, 130, 0),
	(2574, 98, 16, 42, 0, 134, 0),
	(2575, 98, 17, 40, 0, 138, 0),
	(2576, 98, 18, 36, 0, 142, 0),
	(2577, 98, 20, 95, 0, 146, 0),
	(2578, 98, 21, 91, 0, 150, 0),
	(2579, 98, 22, 84, 0, 154, 0),
	(2580, 98, 23, 70, 0, 158, 0),
	(2581, 98, 24, 39, 0, 162, 0),
	(2582, 98, 25, 41, 0, 166, 0),
	(2583, 98, 26, 43, 0, 170, 0),
	(2584, 98, 27, 88, 0, 174, 0),
	(2585, 99, 1, 26, 0, 74, 0),
	(2586, 99, 2, 12, 0, 78, 0),
	(2587, 99, 3, 24, 0, 82, 0),
	(2588, 99, 4, 98, 0, 86, 0),
	(2589, 99, 5, 36, 0, 90, 0),
	(2590, 99, 6, 2, 0, 94, 0),
	(2591, 99, 7, 55, 0, 98, 0),
	(2592, 99, 8, 29, 0, 102, 0),
	(2593, 99, 9, 80, 0, 106, 0),
	(2594, 99, 10, 98, 0, 110, 0),
	(2595, 99, 11, 74, 0, 114, 0),
	(2596, 99, 12, 85, 0, 118, 0),
	(2597, 99, 13, 66, 0, 122, 0),
	(2598, 99, 14, 35, 0, 126, 0),
	(2599, 99, 15, 68, 0, 130, 0),
	(2600, 99, 16, 76, 0, 134, 0),
	(2601, 99, 17, 72, 0, 138, 0),
	(2602, 99, 18, 34, 0, 142, 0),
	(2603, 99, 20, 20, 0, 146, 0),
	(2604, 99, 21, 50, 0, 150, 0),
	(2605, 99, 22, 72, 0, 154, 0),
	(2606, 99, 23, 49, 0, 158, 0),
	(2607, 99, 24, 47, 0, 162, 0),
	(2608, 99, 25, 30, 0, 166, 0),
	(2609, 99, 26, 68, 0, 170, 0),
	(2610, 99, 27, 33, 0, 174, 0),
	(2611, 100, 1, 62, 0, 74, 0),
	(2612, 100, 2, 78, 0, 78, 0),
	(2613, 100, 3, 21, 0, 82, 0),
	(2614, 100, 4, 44, 0, 86, 0),
	(2615, 100, 5, 17, 0, 90, 0),
	(2616, 100, 6, 57, 0, 94, 0),
	(2617, 100, 7, 13, 0, 98, 0),
	(2618, 100, 8, 19, 0, 102, 0),
	(2619, 100, 9, 10, 0, 106, 0),
	(2620, 100, 10, 82, 0, 110, 0),
	(2621, 100, 11, 86, 0, 114, 0),
	(2622, 100, 12, 48, 0, 118, 0),
	(2623, 100, 13, 57, 0, 122, 0),
	(2624, 100, 14, 35, 0, 126, 0),
	(2625, 100, 15, 3, 0, 130, 0),
	(2626, 100, 16, 49, 0, 134, 0),
	(2627, 100, 17, 1, 0, 138, 0),
	(2628, 100, 18, 46, 0, 142, 0),
	(2629, 100, 20, 99, 0, 146, 0),
	(2630, 100, 21, 73, 0, 150, 0),
	(2631, 100, 22, 17, 0, 154, 0),
	(2632, 100, 23, 18, 0, 158, 0),
	(2633, 100, 24, 37, 0, 162, 0),
	(2634, 100, 25, 42, 0, 166, 0),
	(2635, 100, 26, 41, 0, 170, 0),
	(2636, 100, 27, 84, 0, 174, 0),
	(2637, 101, 1, 34, 0, 74, 0),
	(2638, 101, 2, 38, 0, 78, 0),
	(2639, 101, 3, 71, 0, 82, 0),
	(2640, 101, 4, 3, 0, 86, 0),
	(2641, 101, 5, 51, 0, 90, 0),
	(2642, 101, 6, 52, 0, 94, 0),
	(2643, 101, 7, 32, 0, 98, 0),
	(2644, 101, 8, 94, 0, 102, 0),
	(2645, 101, 9, 46, 0, 106, 0),
	(2646, 101, 10, 87, 0, 110, 0),
	(2647, 101, 11, 99, 0, 114, 0),
	(2648, 101, 12, 6, 0, 118, 0),
	(2649, 101, 13, 24, 0, 122, 0),
	(2650, 101, 14, 75, 0, 126, 0),
	(2651, 101, 15, 57, 0, 130, 0),
	(2652, 101, 16, 100, 0, 134, 0),
	(2653, 101, 17, 45, 0, 138, 0),
	(2654, 101, 18, 3, 0, 142, 0),
	(2655, 101, 20, 8, 0, 146, 0),
	(2656, 101, 21, 79, 0, 150, 0),
	(2657, 101, 22, 60, 0, 154, 0),
	(2658, 101, 23, 20, 0, 158, 0),
	(2659, 101, 24, 93, 0, 162, 0),
	(2660, 101, 25, 24, 0, 166, 0),
	(2661, 101, 26, 32, 0, 170, 0),
	(2662, 101, 27, 24, 0, 174, 0),
	(2663, 102, 1, 23, 0, 74, 0),
	(2664, 102, 2, 36, 0, 78, 0),
	(2665, 102, 3, 33, 0, 82, 0),
	(2666, 102, 4, 81, 0, 86, 0),
	(2667, 102, 5, 15, 0, 90, 0),
	(2668, 102, 6, 57, 0, 94, 0),
	(2669, 102, 7, 4, 0, 98, 0),
	(2670, 102, 8, 61, 0, 102, 0),
	(2671, 102, 9, 80, 0, 106, 0),
	(2672, 102, 10, 36, 0, 110, 0),
	(2673, 102, 11, 38, 0, 114, 0),
	(2674, 102, 12, 10, 0, 118, 0),
	(2675, 102, 13, 92, 0, 122, 0),
	(2676, 102, 14, 39, 0, 126, 0),
	(2677, 102, 15, 58, 0, 130, 0),
	(2678, 102, 16, 66, 0, 134, 0),
	(2679, 102, 17, 85, 0, 138, 0),
	(2680, 102, 18, 18, 0, 142, 0),
	(2681, 102, 20, 7, 0, 146, 0),
	(2682, 102, 21, 24, 0, 150, 0),
	(2683, 102, 22, 11, 0, 154, 0),
	(2684, 102, 23, 17, 0, 158, 0),
	(2685, 102, 24, 43, 0, 162, 0),
	(2686, 102, 25, 75, 0, 166, 0),
	(2687, 102, 26, 22, 0, 170, 0),
	(2688, 102, 27, 93, 0, 174, 0),
	(2689, 103, 1, 72, 0, 74, 0),
	(2690, 103, 2, 42, 0, 78, 0),
	(2691, 103, 3, 73, 0, 82, 0),
	(2692, 103, 4, 90, 0, 86, 0),
	(2693, 103, 5, 87, 0, 90, 0),
	(2694, 103, 6, 60, 0, 94, 0),
	(2695, 103, 7, 81, 0, 98, 0),
	(2696, 103, 8, 84, 0, 102, 0),
	(2697, 103, 9, 98, 0, 106, 0),
	(2698, 103, 10, 41, 0, 110, 0),
	(2699, 103, 11, 50, 0, 114, 0),
	(2700, 103, 12, 1, 0, 118, 0),
	(2701, 103, 13, 62, 0, 122, 0),
	(2702, 103, 14, 47, 0, 126, 0),
	(2703, 103, 15, 12, 0, 130, 0),
	(2704, 103, 16, 35, 0, 134, 0),
	(2705, 103, 17, 71, 0, 138, 0),
	(2706, 103, 18, 78, 0, 142, 0),
	(2707, 103, 20, 41, 0, 146, 0),
	(2708, 103, 21, 93, 0, 150, 0),
	(2709, 103, 22, 94, 0, 154, 0),
	(2710, 103, 23, 14, 0, 158, 0),
	(2711, 103, 24, 19, 0, 162, 0),
	(2712, 103, 25, 38, 0, 166, 0),
	(2713, 103, 26, 10, 0, 170, 0),
	(2714, 103, 27, 14, 0, 174, 0),
	(2715, 104, 1, 80, 0, 74, 0),
	(2716, 104, 2, 20, 0, 78, 0),
	(2717, 104, 3, 46, 0, 82, 0),
	(2718, 104, 4, 96, 0, 86, 0),
	(2719, 104, 5, 82, 0, 90, 0),
	(2720, 104, 6, 31, 0, 94, 0),
	(2721, 104, 7, 27, 0, 98, 0),
	(2722, 104, 8, 52, 0, 102, 0),
	(2723, 104, 9, 72, 0, 106, 0),
	(2724, 104, 10, 84, 0, 110, 0),
	(2725, 104, 11, 43, 0, 114, 0),
	(2726, 104, 12, 12, 0, 118, 0),
	(2727, 104, 13, 49, 0, 122, 0),
	(2728, 104, 14, 78, 0, 126, 0),
	(2729, 104, 15, 90, 0, 130, 0),
	(2730, 104, 16, 18, 0, 134, 0),
	(2731, 104, 17, 58, 0, 138, 0),
	(2732, 104, 18, 100, 0, 142, 0),
	(2733, 104, 20, 50, 0, 146, 0),
	(2734, 104, 21, 59, 0, 150, 0),
	(2735, 104, 22, 2, 0, 154, 0),
	(2736, 104, 23, 47, 0, 158, 0),
	(2737, 104, 24, 98, 0, 162, 0),
	(2738, 104, 25, 76, 0, 166, 0),
	(2739, 104, 26, 38, 0, 170, 0),
	(2740, 104, 27, 60, 0, 174, 0),
	(2741, 105, 1, 16, 0, 74, 0),
	(2742, 105, 2, 15, 0, 78, 0),
	(2743, 105, 3, 8, 0, 82, 0),
	(2744, 105, 4, 21, 0, 86, 0),
	(2745, 105, 5, 24, 0, 90, 0),
	(2746, 105, 6, 79, 0, 94, 0),
	(2747, 105, 7, 100, 0, 98, 0),
	(2748, 105, 8, 100, 0, 102, 0),
	(2749, 105, 9, 11, 0, 106, 0),
	(2750, 105, 10, 44, 0, 110, 0),
	(2751, 105, 11, 62, 0, 114, 0),
	(2752, 105, 12, 34, 0, 118, 0),
	(2753, 105, 13, 67, 0, 122, 0),
	(2754, 105, 14, 90, 0, 126, 0),
	(2755, 105, 15, 38, 0, 130, 0),
	(2756, 105, 16, 99, 0, 134, 0),
	(2757, 105, 17, 47, 0, 138, 0),
	(2758, 105, 18, 47, 0, 142, 0),
	(2759, 105, 20, 42, 0, 146, 0),
	(2760, 105, 21, 89, 0, 150, 0),
	(2761, 105, 22, 36, 0, 154, 0),
	(2762, 105, 23, 68, 0, 158, 0),
	(2763, 105, 24, 69, 0, 162, 0),
	(2764, 105, 25, 50, 0, 166, 0),
	(2765, 105, 26, 78, 0, 170, 0),
	(2766, 105, 27, 76, 0, 174, 0),
	(2767, 106, 1, 90, 0, 74, 0),
	(2768, 106, 2, 94, 0, 78, 0),
	(2769, 106, 3, 44, 0, 82, 0),
	(2770, 106, 4, 77, 0, 86, 0),
	(2771, 106, 5, 77, 0, 90, 0),
	(2772, 106, 6, 85, 0, 94, 0),
	(2773, 106, 7, 43, 0, 98, 0),
	(2774, 106, 8, 41, 0, 102, 0),
	(2775, 106, 9, 27, 0, 106, 0),
	(2776, 106, 10, 61, 0, 110, 0),
	(2777, 106, 11, 83, 0, 114, 0),
	(2778, 106, 12, 88, 0, 118, 0),
	(2779, 106, 13, 71, 0, 122, 0),
	(2780, 106, 14, 29, 0, 126, 0),
	(2781, 106, 15, 19, 0, 130, 0),
	(2782, 106, 16, 65, 0, 134, 0),
	(2783, 106, 17, 28, 0, 138, 0),
	(2784, 106, 18, 19, 0, 142, 0),
	(2785, 106, 20, 45, 0, 146, 0),
	(2786, 106, 21, 4, 0, 150, 0),
	(2787, 106, 22, 94, 0, 154, 0),
	(2788, 106, 23, 3, 0, 158, 0),
	(2789, 106, 24, 6, 0, 162, 0),
	(2790, 106, 25, 20, 0, 166, 0),
	(2791, 106, 26, 38, 0, 170, 0),
	(2792, 106, 27, 72, 0, 174, 0),
	(2793, 107, 1, 62, 0, 74, 0),
	(2794, 107, 2, 28, 0, 78, 0),
	(2795, 107, 3, 36, 0, 82, 0),
	(2796, 107, 4, 45, 0, 86, 0),
	(2797, 107, 5, 29, 0, 90, 0),
	(2798, 107, 6, 71, 0, 94, 0),
	(2799, 107, 7, 62, 0, 98, 0),
	(2800, 107, 8, 29, 0, 102, 0),
	(2801, 107, 9, 100, 0, 106, 0),
	(2802, 107, 10, 48, 0, 110, 0),
	(2803, 107, 11, 2, 0, 114, 0),
	(2804, 107, 12, 30, 0, 118, 0),
	(2805, 107, 13, 42, 0, 122, 0),
	(2806, 107, 14, 100, 0, 126, 0),
	(2807, 107, 15, 70, 0, 130, 0),
	(2808, 107, 16, 3, 0, 134, 0),
	(2809, 107, 17, 84, 0, 138, 0),
	(2810, 107, 18, 31, 0, 142, 0),
	(2811, 107, 20, 76, 0, 146, 0),
	(2812, 107, 21, 15, 0, 150, 0),
	(2813, 107, 22, 25, 0, 154, 0),
	(2814, 107, 23, 9, 0, 158, 0),
	(2815, 107, 24, 42, 0, 162, 0),
	(2816, 107, 25, 15, 0, 166, 0),
	(2817, 107, 26, 19, 0, 170, 0),
	(2818, 107, 27, 1, 0, 174, 0),
	(2819, 108, 1, 15, 0, 74, 0),
	(2820, 108, 2, 90, 0, 78, 0),
	(2821, 108, 3, 27, 0, 82, 0),
	(2822, 108, 4, 56, 0, 86, 0),
	(2823, 108, 5, 37, 0, 90, 0),
	(2824, 108, 6, 76, 0, 94, 0),
	(2825, 108, 7, 5, 0, 98, 0),
	(2826, 108, 8, 43, 0, 102, 0),
	(2827, 108, 9, 71, 0, 106, 0),
	(2828, 108, 10, 95, 0, 110, 0),
	(2829, 108, 11, 49, 0, 114, 0),
	(2830, 108, 12, 44, 0, 118, 0),
	(2831, 108, 13, 25, 0, 122, 0),
	(2832, 108, 14, 12, 0, 126, 0),
	(2833, 108, 15, 84, 0, 130, 0),
	(2834, 108, 16, 92, 0, 134, 0),
	(2835, 108, 17, 57, 0, 138, 0),
	(2836, 108, 18, 79, 0, 142, 0),
	(2837, 108, 20, 29, 0, 146, 0),
	(2838, 108, 21, 18, 0, 150, 0),
	(2839, 108, 22, 9, 0, 154, 0),
	(2840, 108, 23, 1, 0, 158, 0),
	(2841, 108, 24, 77, 0, 162, 0),
	(2842, 108, 25, 16, 0, 166, 0),
	(2843, 108, 26, 72, 0, 170, 0),
	(2844, 108, 27, 79, 0, 174, 0),
	(2845, 109, 1, 48, 0, 74, 0),
	(2846, 109, 2, 19, 0, 78, 0),
	(2847, 109, 3, 53, 0, 82, 0),
	(2848, 109, 4, 53, 0, 86, 0),
	(2849, 109, 5, 98, 0, 90, 0),
	(2850, 109, 6, 48, 0, 94, 0),
	(2851, 109, 7, 1, 0, 98, 0),
	(2852, 109, 8, 29, 0, 102, 0),
	(2853, 109, 9, 68, 0, 106, 0),
	(2854, 109, 10, 89, 0, 110, 0),
	(2855, 109, 11, 94, 0, 114, 0),
	(2856, 109, 12, 62, 0, 118, 0),
	(2857, 109, 13, 68, 0, 122, 0),
	(2858, 109, 14, 87, 0, 126, 0),
	(2859, 109, 15, 9, 0, 130, 0),
	(2860, 109, 16, 72, 0, 134, 0),
	(2861, 109, 17, 96, 0, 138, 0),
	(2862, 109, 18, 58, 0, 142, 0),
	(2863, 109, 20, 5, 0, 146, 0),
	(2864, 109, 21, 58, 0, 150, 0),
	(2865, 109, 22, 82, 0, 154, 0),
	(2866, 109, 23, 16, 0, 158, 0),
	(2867, 109, 24, 75, 0, 162, 0),
	(2868, 109, 25, 16, 0, 166, 0),
	(2869, 109, 26, 91, 0, 170, 0),
	(2870, 109, 27, 13, 0, 174, 0),
	(2871, 110, 1, 16, 0, 74, 0),
	(2872, 110, 2, 77, 0, 78, 0),
	(2873, 110, 3, 83, 0, 82, 0),
	(2874, 110, 4, 96, 0, 86, 0),
	(2875, 110, 5, 7, 0, 90, 0),
	(2876, 110, 6, 12, 0, 94, 0),
	(2877, 110, 7, 33, 0, 98, 0),
	(2878, 110, 8, 14, 0, 102, 0),
	(2879, 110, 9, 33, 0, 106, 0),
	(2880, 110, 10, 15, 0, 110, 0),
	(2881, 110, 11, 11, 0, 114, 0),
	(2882, 110, 12, 70, 0, 118, 0),
	(2883, 110, 13, 88, 0, 122, 0),
	(2884, 110, 14, 45, 0, 126, 0),
	(2885, 110, 15, 63, 0, 130, 0),
	(2886, 110, 16, 46, 0, 134, 0),
	(2887, 110, 17, 73, 0, 138, 0),
	(2888, 110, 18, 10, 0, 142, 0),
	(2889, 110, 20, 37, 0, 146, 0),
	(2890, 110, 21, 10, 0, 150, 0),
	(2891, 110, 22, 51, 0, 154, 0),
	(2892, 110, 23, 28, 0, 158, 0),
	(2893, 110, 24, 16, 0, 162, 0),
	(2894, 110, 25, 21, 0, 166, 0),
	(2895, 110, 26, 76, 0, 170, 0),
	(2896, 110, 27, 29, 0, 174, 0),
	(2897, 111, 1, 48, 0, 74, 0),
	(2898, 111, 2, 47, 0, 78, 0),
	(2899, 111, 3, 86, 0, 82, 0),
	(2900, 111, 4, 20, 0, 86, 0),
	(2901, 111, 5, 50, 0, 90, 0),
	(2902, 111, 6, 59, 0, 94, 0),
	(2903, 111, 7, 10, 0, 98, 0),
	(2904, 111, 8, 16, 0, 102, 0),
	(2905, 111, 9, 50, 0, 106, 0),
	(2906, 111, 10, 48, 0, 110, 0),
	(2907, 111, 11, 25, 0, 114, 0),
	(2908, 111, 12, 53, 0, 118, 0),
	(2909, 111, 13, 82, 0, 122, 0),
	(2910, 111, 14, 13, 0, 126, 0),
	(2911, 111, 15, 25, 0, 130, 0),
	(2912, 111, 16, 87, 0, 134, 0),
	(2913, 111, 17, 64, 0, 138, 0),
	(2914, 111, 18, 20, 0, 142, 0),
	(2915, 111, 20, 31, 0, 146, 0),
	(2916, 111, 21, 49, 0, 150, 0),
	(2917, 111, 22, 97, 0, 154, 0),
	(2918, 111, 23, 96, 0, 158, 0),
	(2919, 111, 24, 13, 0, 162, 0),
	(2920, 111, 25, 11, 0, 166, 0),
	(2921, 111, 26, 1, 0, 170, 0),
	(2922, 111, 27, 54, 0, 174, 0),
	(2923, 112, 1, 45, 0, 74, 0),
	(2924, 112, 2, 45, 0, 78, 0),
	(2925, 112, 3, 36, 0, 82, 0),
	(2926, 112, 4, 52, 0, 86, 0),
	(2927, 112, 5, 100, 0, 90, 0),
	(2928, 112, 6, 40, 0, 94, 0),
	(2929, 112, 7, 16, 0, 98, 0),
	(2930, 112, 8, 9, 0, 102, 0),
	(2931, 112, 9, 42, 0, 106, 0),
	(2932, 112, 10, 68, 0, 110, 0),
	(2933, 112, 11, 79, 0, 114, 0),
	(2934, 112, 12, 50, 0, 118, 0),
	(2935, 112, 13, 71, 0, 122, 0),
	(2936, 112, 14, 57, 0, 126, 0),
	(2937, 112, 15, 39, 0, 130, 0),
	(2938, 112, 16, 24, 0, 134, 0),
	(2939, 112, 17, 45, 0, 138, 0),
	(2940, 112, 18, 45, 0, 142, 0),
	(2941, 112, 20, 49, 0, 146, 0),
	(2942, 112, 21, 83, 0, 150, 0),
	(2943, 112, 22, 97, 0, 154, 0),
	(2944, 112, 23, 72, 0, 158, 0),
	(2945, 112, 24, 79, 0, 162, 0),
	(2946, 112, 25, 23, 0, 166, 0),
	(2947, 112, 26, 10, 0, 170, 0),
	(2948, 112, 27, 13, 0, 174, 0),
	(2949, 113, 1, 18, 0, 74, 0),
	(2950, 113, 2, 63, 0, 78, 0),
	(2951, 113, 3, 1, 0, 82, 0),
	(2952, 113, 4, 75, 0, 86, 0),
	(2953, 113, 5, 58, 0, 90, 0),
	(2954, 113, 6, 61, 0, 94, 0),
	(2955, 113, 7, 69, 0, 98, 0),
	(2956, 113, 8, 86, 0, 102, 0),
	(2957, 113, 9, 9, 0, 106, 0),
	(2958, 113, 10, 54, 0, 110, 0),
	(2959, 113, 11, 87, 0, 114, 0),
	(2960, 113, 12, 76, 0, 118, 0),
	(2961, 113, 13, 45, 0, 122, 0),
	(2962, 113, 14, 96, 0, 126, 0),
	(2963, 113, 15, 60, 0, 130, 0),
	(2964, 113, 16, 37, 0, 134, 0),
	(2965, 113, 17, 91, 0, 138, 0),
	(2966, 113, 18, 12, 0, 142, 0),
	(2967, 113, 20, 8, 0, 146, 0),
	(2968, 113, 21, 35, 0, 150, 0),
	(2969, 113, 22, 10, 0, 154, 0),
	(2970, 113, 23, 2, 0, 158, 0),
	(2971, 113, 24, 72, 0, 162, 0),
	(2972, 113, 25, 66, 0, 166, 0),
	(2973, 113, 26, 45, 0, 170, 0),
	(2974, 113, 27, 21, 0, 174, 0),
	(2975, 114, 1, 80, 0, 74, 0),
	(2976, 114, 2, 85, 0, 78, 0),
	(2977, 114, 3, 16, 0, 82, 0),
	(2978, 114, 4, 82, 0, 86, 0),
	(2979, 114, 5, 86, 0, 90, 0),
	(2980, 114, 6, 74, 0, 94, 0),
	(2981, 114, 7, 97, 0, 98, 0),
	(2982, 114, 8, 88, 0, 102, 0),
	(2983, 114, 9, 14, 0, 106, 0),
	(2984, 114, 10, 94, 0, 110, 0),
	(2985, 114, 11, 23, 0, 114, 0),
	(2986, 114, 12, 14, 0, 118, 0),
	(2987, 114, 13, 77, 0, 122, 0),
	(2988, 114, 14, 75, 0, 126, 0),
	(2989, 114, 15, 64, 0, 130, 0),
	(2990, 114, 16, 83, 0, 134, 0),
	(2991, 114, 17, 43, 0, 138, 0),
	(2992, 114, 18, 22, 0, 142, 0),
	(2993, 114, 20, 25, 0, 146, 0),
	(2994, 114, 21, 55, 0, 150, 0),
	(2995, 114, 22, 74, 0, 154, 0),
	(2996, 114, 23, 61, 0, 158, 0),
	(2997, 114, 24, 52, 0, 162, 0),
	(2998, 114, 25, 62, 0, 166, 0),
	(2999, 114, 26, 22, 0, 170, 0),
	(3000, 114, 27, 32, 0, 174, 0),
	(3001, 115, 1, 46, 0, 74, 0),
	(3002, 115, 2, 69, 0, 78, 0),
	(3003, 115, 3, 66, 0, 82, 0),
	(3004, 115, 4, 83, 0, 86, 0),
	(3005, 115, 5, 72, 0, 90, 0),
	(3006, 115, 6, 58, 0, 94, 0),
	(3007, 115, 7, 70, 0, 98, 0),
	(3008, 115, 8, 90, 0, 102, 0),
	(3009, 115, 9, 48, 0, 106, 0),
	(3010, 115, 10, 24, 0, 110, 0),
	(3011, 115, 11, 15, 0, 114, 0),
	(3012, 115, 12, 1, 0, 118, 0),
	(3013, 115, 13, 9, 0, 122, 0),
	(3014, 115, 14, 75, 0, 126, 0),
	(3015, 115, 15, 79, 0, 130, 0),
	(3016, 115, 16, 82, 0, 134, 0),
	(3017, 115, 17, 21, 0, 138, 0),
	(3018, 115, 18, 92, 0, 142, 0),
	(3019, 115, 20, 76, 0, 146, 0),
	(3020, 115, 21, 16, 0, 150, 0),
	(3021, 115, 22, 52, 0, 154, 0),
	(3022, 115, 23, 97, 0, 158, 0),
	(3023, 115, 24, 89, 0, 162, 0),
	(3024, 115, 25, 96, 0, 166, 0),
	(3025, 115, 26, 99, 0, 170, 0),
	(3026, 115, 27, 42, 0, 174, 0);

-- Dumping structure for table student_marks.user
CREATE TABLE IF NOT EXISTS `user` (
  `id` int NOT NULL AUTO_INCREMENT,
  `prefix` varchar(50) DEFAULT NULL,
  `forename` varchar(45) NOT NULL,
  `surname` varchar(45) NOT NULL,
  `email` varchar(45) NOT NULL,
  `password` varchar(60) CHARACTER SET utf8mb4 COLLATE utf8mb4_0900_ai_ci NOT NULL,
  `date_created` datetime DEFAULT NULL,
  `date_updated` datetime DEFAULT NULL,
  `active` tinyint(1) NOT NULL DEFAULT '1',
  `role_id` int NOT NULL,
  `job_title` varchar(50) DEFAULT NULL,
  PRIMARY KEY (`id`),
  UNIQUE KEY `id_UNIQUE` (`id`),
  UNIQUE KEY `email_UNIQUE` (`email`),
  KEY `fk_user_role` (`role_id`),
  CONSTRAINT `fk_user_role` FOREIGN KEY (`role_id`) REFERENCES `role` (`id`)
) ENGINE=InnoDB AUTO_INCREMENT=17 DEFAULT CHARSET=utf8mb4 COLLATE=utf8mb4_0900_ai_ci;

-- Dumping data for table student_marks.user: ~13 rows (approximately)
REPLACE INTO `user` (`id`, `prefix`, `forename`, `surname`, `email`, `password`, `date_created`, `date_updated`, `active`, `role_id`, `job_title`) VALUES
	(1, 'Prof', 'John', 'Doe', 'john.doe@example.com', '$2b$10$l6bMKcU.71tsz6sNkKMqbeodxfdhEe1Q9wtiFlDhbH9HaN3dvKxxO', '2024-01-01 00:00:00', '2024-01-01 00:00:00', 1, 2, 'Professor'),
	(2, 'Prof', 'Jane', 'Smith', 'jane.smith@example.com', '$2b$10$l6bMKcU.71tsz6sNkKMqbeodxfdhEe1Q9wtiFlDhbH9HaN3dvKxxO', '2024-01-01 00:00:00', '2024-01-01 00:00:00', 1, 2, 'Professor'),
	(3, 'Prof', 'Alice', 'Johnson', 'alice.johnson@example.com', '$2b$10$l6bMKcU.71tsz6sNkKMqbeodxfdhEe1Q9wtiFlDhbH9HaN3dvKxxO', '2024-01-01 00:00:00', '2024-01-01 00:00:00', 1, 2, 'Professor'),
	(4, 'Prof', 'Sarah', 'Ryan', 'sarah.ryan@example.com', '$2b$10$l6bMKcU.71tsz6sNkKMqbeodxfdhEe1Q9wtiFlDhbH9HaN3dvKxxO', '2024-01-01 00:00:00', '2024-01-01 00:00:00', 1, 2, 'Professor'),
	(5, 'Prof', 'Mark', 'Smith', 'mark.smith@example.com', '$2b$10$l6bMKcU.71tsz6sNkKMqbeodxfdhEe1Q9wtiFlDhbH9HaN3dvKxxO', '2024-01-01 00:00:00', '2024-01-01 00:00:00', 1, 2, 'Professor'),
	(6, 'Dr', 'Sam', 'Cave', 'sam.cave@example.com', '$2b$10$l6bMKcU.71tsz6sNkKMqbeodxfdhEe1Q9wtiFlDhbH9HaN3dvKxxO', '2024-01-01 00:00:00', '2024-01-01 00:00:00', 1, 2, 'Reader'),
	(7, 'Dr', 'Anthony', 'Johnstone', 'anthony.johnstone@example.com', '$2b$10$l6bMKcU.71tsz6sNkKMqbeodxfdhEe1Q9wtiFlDhbH9HaN3dvKxxO', '2024-01-01 00:00:00', '2024-01-01 00:00:00', 1, 2, 'Reader'),
	(8, 'Mr', 'Douglas', 'Pierce', 'douglas.pierce@example.com', '$2b$10$l6bMKcU.71tsz6sNkKMqbeodxfdhEe1Q9wtiFlDhbH9HaN3dvKxxO', '2024-01-01 00:00:00', '2024-01-01 00:00:00', 1, 1, 'Secreterial/Clerical'),
	(9, 'Mr', 'Jason', 'Molina', 'jason.molina@example.com', '$2b$10$l6bMKcU.71tsz6sNkKMqbeodxfdhEe1Q9wtiFlDhbH9HaN3dvKxxO', '2024-01-01 00:00:00', '2024-01-01 00:00:00', 1, 1, 'Secreterial/Clerical'),
	(12, 'Mr', 'Luke', 'Wyers', 'lwyers3@gmail.com', '$2b$10$l6bMKcU.71tsz6sNkKMqbeodxfdhEe1Q9wtiFlDhbH9HaN3dvKxxO', '2024-12-24 16:47:52', '2024-12-24 16:47:52', 1, 3, 'Site Admin'),
	(13, 'Mr', 'Alan', 'Sparhawke', 'alan.sparhawke@example.com', '$2b$10$l6bMKcU.71tsz6sNkKMqbeodxfdhEe1Q9wtiFlDhbH9HaN3dvKxxO', '2025-01-07 18:31:50', '2025-01-07 18:31:51', 1, 2, 'Reader'),
	(14, 'Mr', 'Stephen', 'Merritt', 'stephen.merritt@example.com', '$2b$10$l6bMKcU.71tsz6sNkKMqbeodxfdhEe1Q9wtiFlDhbH9HaN3dvKxxO', '2025-01-07 18:33:06', '2025-01-07 18:33:10', 1, 2, 'Reader'),
	(15, 'Mr', 'Michael', 'Gira', 'michael.gira@example.com', '$2b$10$l6bMKcU.71tsz6sNkKMqbeodxfdhEe1Q9wtiFlDhbH9HaN3dvKxxO', '2025-01-07 18:36:37', '2025-01-07 18:36:38', 1, 2, 'Reader'),
	(16, 'Mr', 'Tim', 'Buckley', 'tim.buckley@example.com', '$2b$10$l6bMKcU.71tsz6sNkKMqbeodxfdhEe1Q9wtiFlDhbH9HaN3dvKxxO', '2025-01-07 18:37:31', '2025-01-07 18:37:32', 1, 2, 'Reader');

-- Dumping structure for table student_marks.user_course
CREATE TABLE IF NOT EXISTS `user_course` (
  `id` int unsigned NOT NULL AUTO_INCREMENT,
  `user_id` int NOT NULL,
  `course_id` int NOT NULL,
  `course_year_id` int DEFAULT NULL,
  PRIMARY KEY (`id`),
  UNIQUE KEY `id_UNIQUE` (`id`),
  KEY `fk_user_course_course` (`course_id`),
  KEY `fk_user_course_user` (`user_id`),
  KEY `fk_user_course_course_year` (`course_year_id`),
  CONSTRAINT `fk_user_course_course` FOREIGN KEY (`course_id`) REFERENCES `course` (`id`) ON DELETE CASCADE,
  CONSTRAINT `fk_user_course_course_year` FOREIGN KEY (`course_year_id`) REFERENCES `course_year` (`id`),
  CONSTRAINT `fk_user_course_user` FOREIGN KEY (`user_id`) REFERENCES `user` (`id`) ON DELETE CASCADE
) ENGINE=InnoDB AUTO_INCREMENT=147 DEFAULT CHARSET=utf8mb4 COLLATE=utf8mb4_0900_ai_ci;

-- Dumping data for table student_marks.user_course: ~48 rows (approximately)
REPLACE INTO `user_course` (`id`, `user_id`, `course_id`, `course_year_id`) VALUES
	(98, 1, 1, 1),
	(99, 1, 1, 2),
	(100, 1, 1, 3),
	(101, 1, 1, 4),
	(102, 2, 1, 1),
	(103, 2, 1, 2),
	(104, 2, 1, 3),
	(105, 2, 1, 4),
	(106, 3, 1, 1),
	(107, 3, 1, 2),
	(108, 3, 1, 3),
	(109, 3, 1, 4),
	(110, 4, 1, 1),
	(111, 4, 1, 2),
	(112, 4, 1, 3),
	(113, 4, 1, 4),
	(114, 5, 1, 1),
	(115, 5, 1, 2),
	(116, 5, 1, 3),
	(117, 5, 1, 4),
	(118, 6, 1, 1),
	(119, 6, 1, 2),
	(120, 6, 1, 3),
	(121, 6, 1, 4),
	(122, 7, 1, 1),
	(123, 7, 1, 2),
	(124, 7, 1, 3),
	(125, 7, 1, 4),
	(126, 8, 1, 1),
	(127, 8, 1, 2),
	(128, 8, 1, 3),
	(129, 8, 1, 4),
	(130, 9, 1, 1),
	(131, 9, 1, 2),
	(132, 9, 1, 3),
	(133, 9, 1, 4),
	(134, 13, 1, 1),
	(135, 13, 1, 2),
	(136, 13, 1, 3),
	(137, 13, 1, 4),
	(138, 14, 1, 1),
	(139, 14, 1, 2),
	(140, 14, 1, 3),
	(141, 14, 1, 4),
	(142, 15, 1, 1),
	(143, 15, 1, 2),
	(144, 15, 1, 3),
	(145, 15, 1, 4),
	(146, 16, 2, 5);

-- Dumping structure for table student_marks.user_module
CREATE TABLE IF NOT EXISTS `user_module` (
  `id` int NOT NULL AUTO_INCREMENT,
  `user_id` int NOT NULL,
  `module_id` int NOT NULL,
  `module_year_id` int DEFAULT NULL,
  PRIMARY KEY (`id`),
  UNIQUE KEY `id_UNIQUE` (`id`),
  KEY `fk_user_module_user` (`user_id`),
  KEY `fk_user_module_module` (`module_id`),
  KEY `fk_user_module_module_year` (`module_year_id`),
  CONSTRAINT `fk_user_module_module` FOREIGN KEY (`module_id`) REFERENCES `module` (`id`),
  CONSTRAINT `fk_user_module_module_year` FOREIGN KEY (`module_year_id`) REFERENCES `module_year` (`id`),
  CONSTRAINT `fk_user_module_user` FOREIGN KEY (`user_id`) REFERENCES `user` (`id`)
) ENGINE=InnoDB AUTO_INCREMENT=1061 DEFAULT CHARSET=utf8mb4 COLLATE=utf8mb4_0900_ai_ci;

-- Dumping data for table student_marks.user_module: ~940 rows (approximately)
REPLACE INTO `user_module` (`id`, `user_id`, `module_id`, `module_year_id`) VALUES
	(118, 4, 1, 74),
	(119, 4, 1, 75),
	(120, 4, 1, 76),
	(121, 4, 1, 77),
	(122, 4, 2, 78),
	(123, 4, 2, 79),
	(124, 4, 2, 80),
	(125, 4, 2, 81),
	(126, 4, 3, 82),
	(127, 4, 3, 83),
	(128, 4, 3, 84),
	(129, 4, 3, 85),
	(130, 4, 4, 86),
	(131, 4, 4, 87),
	(132, 4, 4, 88),
	(133, 4, 4, 89),
	(134, 4, 5, 90),
	(135, 4, 5, 91),
	(136, 4, 5, 92),
	(137, 4, 5, 93),
	(138, 4, 6, 94),
	(139, 4, 6, 95),
	(140, 4, 6, 96),
	(141, 4, 6, 97),
	(142, 4, 7, 98),
	(143, 4, 7, 99),
	(144, 4, 7, 100),
	(145, 4, 7, 101),
	(146, 4, 8, 102),
	(147, 4, 8, 103),
	(148, 4, 8, 104),
	(149, 4, 8, 105),
	(150, 4, 9, 106),
	(151, 4, 9, 107),
	(152, 4, 9, 108),
	(153, 4, 9, 109),
	(154, 4, 10, 110),
	(155, 4, 10, 111),
	(156, 4, 10, 112),
	(157, 4, 10, 113),
	(158, 4, 11, 114),
	(159, 4, 11, 115),
	(160, 4, 11, 116),
	(161, 4, 11, 117),
	(162, 4, 12, 118),
	(163, 4, 12, 119),
	(164, 4, 12, 120),
	(165, 4, 12, 121),
	(166, 4, 13, 122),
	(167, 4, 13, 123),
	(168, 4, 13, 124),
	(169, 4, 13, 125),
	(170, 4, 14, 126),
	(171, 4, 14, 127),
	(172, 4, 14, 128),
	(173, 4, 14, 129),
	(174, 4, 15, 130),
	(175, 4, 15, 131),
	(176, 4, 15, 132),
	(177, 4, 15, 133),
	(178, 4, 16, 134),
	(179, 4, 16, 135),
	(180, 4, 16, 136),
	(181, 4, 16, 137),
	(182, 4, 17, 138),
	(183, 4, 17, 139),
	(184, 4, 17, 140),
	(185, 4, 17, 141),
	(186, 4, 18, 142),
	(187, 4, 18, 143),
	(188, 4, 18, 144),
	(189, 4, 18, 145),
	(190, 4, 20, 146),
	(191, 4, 20, 147),
	(192, 4, 20, 148),
	(193, 4, 20, 149),
	(194, 4, 21, 150),
	(195, 4, 21, 151),
	(196, 4, 21, 152),
	(197, 4, 21, 153),
	(198, 4, 22, 154),
	(199, 4, 22, 155),
	(200, 4, 22, 156),
	(201, 4, 22, 157),
	(202, 4, 23, 158),
	(203, 4, 23, 159),
	(204, 4, 23, 160),
	(205, 4, 23, 161),
	(206, 4, 24, 162),
	(207, 4, 24, 163),
	(208, 4, 24, 164),
	(209, 4, 24, 165),
	(210, 4, 25, 166),
	(211, 4, 25, 167),
	(212, 4, 25, 168),
	(213, 4, 25, 169),
	(214, 4, 26, 170),
	(215, 4, 26, 171),
	(216, 4, 26, 172),
	(217, 4, 26, 173),
	(218, 4, 27, 174),
	(219, 4, 27, 175),
	(220, 4, 27, 176),
	(221, 4, 27, 177),
	(222, 4, 18, 142),
	(223, 4, 18, 143),
	(224, 4, 18, 144),
	(225, 4, 18, 145),
	(226, 1, 1, 74),
	(227, 1, 1, 75),
	(228, 1, 1, 76),
	(229, 1, 1, 77),
	(230, 1, 2, 78),
	(231, 1, 2, 79),
	(232, 1, 2, 80),
	(233, 1, 2, 81),
	(234, 1, 3, 82),
	(235, 1, 3, 83),
	(236, 1, 3, 84),
	(237, 1, 3, 85),
	(238, 1, 4, 86),
	(239, 1, 4, 87),
	(240, 1, 4, 88),
	(241, 1, 4, 89),
	(242, 1, 5, 90),
	(243, 1, 5, 91),
	(244, 1, 5, 92),
	(245, 1, 5, 93),
	(246, 1, 6, 94),
	(247, 1, 6, 95),
	(248, 1, 6, 96),
	(249, 1, 6, 97),
	(250, 1, 7, 98),
	(251, 1, 7, 99),
	(252, 1, 7, 100),
	(253, 1, 7, 101),
	(254, 1, 8, 102),
	(255, 1, 8, 103),
	(256, 1, 8, 104),
	(257, 1, 8, 105),
	(258, 1, 9, 106),
	(259, 1, 9, 107),
	(260, 1, 9, 108),
	(261, 1, 9, 109),
	(262, 1, 10, 110),
	(263, 1, 10, 111),
	(264, 1, 10, 112),
	(265, 1, 10, 113),
	(266, 1, 11, 114),
	(267, 1, 11, 115),
	(268, 1, 11, 116),
	(269, 1, 11, 117),
	(270, 1, 12, 118),
	(271, 1, 12, 119),
	(272, 1, 12, 120),
	(273, 1, 12, 121),
	(274, 1, 13, 122),
	(275, 1, 13, 123),
	(276, 1, 13, 124),
	(277, 1, 13, 125),
	(278, 1, 14, 126),
	(279, 1, 14, 127),
	(280, 1, 14, 128),
	(281, 1, 14, 129),
	(282, 1, 15, 130),
	(283, 1, 15, 131),
	(284, 1, 15, 132),
	(285, 1, 15, 133),
	(286, 1, 16, 134),
	(287, 1, 16, 135),
	(288, 1, 16, 136),
	(289, 1, 16, 137),
	(290, 1, 17, 138),
	(291, 1, 17, 139),
	(292, 1, 17, 140),
	(293, 1, 17, 141),
	(294, 1, 18, 142),
	(295, 1, 18, 143),
	(296, 1, 18, 144),
	(297, 1, 18, 145),
	(298, 1, 20, 146),
	(299, 1, 20, 147),
	(300, 1, 20, 148),
	(301, 1, 20, 149),
	(302, 1, 21, 150),
	(303, 1, 21, 151),
	(304, 1, 21, 152),
	(305, 1, 21, 153),
	(306, 1, 22, 154),
	(307, 1, 22, 155),
	(308, 1, 22, 156),
	(309, 1, 22, 157),
	(310, 1, 23, 158),
	(311, 1, 23, 159),
	(312, 1, 23, 160),
	(313, 1, 23, 161),
	(314, 1, 24, 162),
	(315, 1, 24, 163),
	(316, 1, 24, 164),
	(317, 1, 24, 165),
	(318, 1, 25, 166),
	(319, 1, 25, 167),
	(320, 1, 25, 168),
	(321, 1, 25, 169),
	(322, 1, 26, 170),
	(323, 1, 26, 171),
	(324, 1, 26, 172),
	(325, 1, 26, 173),
	(326, 1, 27, 174),
	(327, 1, 27, 175),
	(328, 1, 27, 176),
	(329, 1, 27, 177),
	(330, 2, 1, 74),
	(331, 2, 1, 75),
	(332, 2, 1, 76),
	(333, 2, 1, 77),
	(334, 2, 2, 78),
	(335, 2, 2, 79),
	(336, 2, 2, 80),
	(337, 2, 2, 81),
	(338, 2, 3, 82),
	(339, 2, 3, 83),
	(340, 2, 3, 84),
	(341, 2, 3, 85),
	(342, 2, 4, 86),
	(343, 2, 4, 87),
	(344, 2, 4, 88),
	(345, 2, 4, 89),
	(346, 2, 5, 90),
	(347, 2, 5, 91),
	(348, 2, 5, 92),
	(349, 2, 5, 93),
	(350, 2, 6, 94),
	(351, 2, 6, 95),
	(352, 2, 6, 96),
	(353, 2, 6, 97),
	(354, 2, 7, 98),
	(355, 2, 7, 99),
	(356, 2, 7, 100),
	(357, 2, 7, 101),
	(358, 2, 8, 102),
	(359, 2, 8, 103),
	(360, 2, 8, 104),
	(361, 2, 8, 105),
	(362, 2, 9, 106),
	(363, 2, 9, 107),
	(364, 2, 9, 108),
	(365, 2, 9, 109),
	(366, 2, 10, 110),
	(367, 2, 10, 111),
	(368, 2, 10, 112),
	(369, 2, 10, 113),
	(370, 2, 11, 114),
	(371, 2, 11, 115),
	(372, 2, 11, 116),
	(373, 2, 11, 117),
	(374, 2, 12, 118),
	(375, 2, 12, 119),
	(376, 2, 12, 120),
	(377, 2, 12, 121),
	(378, 2, 13, 122),
	(379, 2, 13, 123),
	(380, 2, 13, 124),
	(381, 2, 13, 125),
	(382, 2, 14, 126),
	(383, 2, 14, 127),
	(384, 2, 14, 128),
	(385, 2, 14, 129),
	(386, 2, 15, 130),
	(387, 2, 15, 131),
	(388, 2, 15, 132),
	(389, 2, 15, 133),
	(390, 2, 16, 134),
	(391, 2, 16, 135),
	(392, 2, 16, 136),
	(393, 2, 16, 137),
	(394, 2, 17, 138),
	(395, 2, 17, 139),
	(396, 2, 17, 140),
	(397, 2, 17, 141),
	(398, 2, 18, 142),
	(399, 2, 18, 143),
	(400, 2, 18, 144),
	(401, 2, 18, 145),
	(402, 2, 20, 146),
	(403, 2, 20, 147),
	(404, 2, 20, 148),
	(405, 2, 20, 149),
	(406, 2, 21, 150),
	(407, 2, 21, 151),
	(408, 2, 21, 152),
	(409, 2, 21, 153),
	(410, 2, 22, 154),
	(411, 2, 22, 155),
	(412, 2, 22, 156),
	(413, 2, 22, 157),
	(414, 2, 23, 158),
	(415, 2, 23, 159),
	(416, 2, 23, 160),
	(417, 2, 23, 161),
	(418, 2, 24, 162),
	(419, 2, 24, 163),
	(420, 2, 24, 164),
	(421, 2, 24, 165),
	(422, 2, 25, 166),
	(423, 2, 25, 167),
	(424, 2, 25, 168),
	(425, 2, 25, 169),
	(426, 2, 26, 170),
	(427, 2, 26, 171),
	(428, 2, 26, 172),
	(429, 2, 26, 173),
	(430, 2, 27, 174),
	(431, 2, 27, 175),
	(432, 2, 27, 176),
	(433, 2, 27, 177),
	(434, 9, 1, 74),
	(435, 9, 1, 75),
	(436, 9, 1, 76),
	(437, 9, 1, 77),
	(438, 9, 2, 78),
	(439, 9, 2, 79),
	(440, 9, 2, 80),
	(441, 9, 2, 81),
	(442, 9, 3, 82),
	(443, 9, 3, 83),
	(444, 9, 3, 84),
	(445, 9, 3, 85),
	(446, 9, 4, 86),
	(447, 9, 4, 87),
	(448, 9, 4, 88),
	(449, 9, 4, 89),
	(450, 9, 5, 90),
	(451, 9, 5, 91),
	(452, 9, 5, 92),
	(453, 9, 5, 93),
	(454, 9, 6, 94),
	(455, 9, 6, 95),
	(456, 9, 6, 96),
	(457, 9, 6, 97),
	(458, 9, 7, 98),
	(459, 9, 7, 99),
	(460, 9, 7, 100),
	(461, 9, 7, 101),
	(462, 9, 8, 102),
	(463, 9, 8, 103),
	(464, 9, 8, 104),
	(465, 9, 8, 105),
	(466, 9, 9, 106),
	(467, 9, 9, 107),
	(468, 9, 9, 108),
	(469, 9, 9, 109),
	(470, 9, 10, 110),
	(471, 9, 10, 111),
	(472, 9, 10, 112),
	(473, 9, 10, 113),
	(474, 9, 11, 114),
	(475, 9, 11, 115),
	(476, 9, 11, 116),
	(477, 9, 11, 117),
	(478, 9, 12, 118),
	(479, 9, 12, 119),
	(480, 9, 12, 120),
	(481, 9, 12, 121),
	(482, 9, 13, 122),
	(483, 9, 13, 123),
	(484, 9, 13, 124),
	(485, 9, 13, 125),
	(486, 9, 14, 126),
	(487, 9, 14, 127),
	(488, 9, 14, 128),
	(489, 9, 14, 129),
	(490, 9, 15, 130),
	(491, 9, 15, 131),
	(492, 9, 15, 132),
	(493, 9, 15, 133),
	(494, 9, 16, 134),
	(495, 9, 16, 135),
	(496, 9, 16, 136),
	(497, 9, 16, 137),
	(498, 9, 17, 138),
	(499, 9, 17, 139),
	(500, 9, 17, 140),
	(501, 9, 17, 141),
	(502, 9, 18, 142),
	(503, 9, 18, 143),
	(504, 9, 18, 144),
	(505, 9, 18, 145),
	(506, 9, 20, 146),
	(507, 9, 20, 147),
	(508, 9, 20, 148),
	(509, 9, 20, 149),
	(510, 9, 21, 150),
	(511, 9, 21, 151),
	(512, 9, 21, 152),
	(513, 9, 21, 153),
	(514, 9, 22, 154),
	(515, 9, 22, 155),
	(516, 9, 22, 156),
	(517, 9, 22, 157),
	(518, 9, 23, 158),
	(519, 9, 23, 159),
	(520, 9, 23, 160),
	(521, 9, 23, 161),
	(522, 9, 24, 162),
	(523, 9, 24, 163),
	(524, 9, 24, 164),
	(525, 9, 24, 165),
	(526, 9, 25, 166),
	(527, 9, 25, 167),
	(528, 9, 25, 168),
	(529, 9, 25, 169),
	(530, 9, 26, 170),
	(531, 9, 26, 171),
	(532, 9, 26, 172),
	(533, 9, 26, 173),
	(534, 9, 27, 174),
	(535, 9, 27, 175),
	(536, 9, 27, 176),
	(537, 9, 27, 177),
	(538, 8, 1, 74),
	(539, 8, 1, 75),
	(540, 8, 1, 76),
	(541, 8, 1, 77),
	(542, 8, 2, 78),
	(543, 8, 2, 79),
	(544, 8, 2, 80),
	(545, 8, 2, 81),
	(546, 8, 3, 82),
	(547, 8, 3, 83),
	(548, 8, 3, 84),
	(549, 8, 3, 85),
	(550, 8, 4, 86),
	(551, 8, 4, 87),
	(552, 8, 4, 88),
	(553, 8, 4, 89),
	(554, 8, 5, 90),
	(555, 8, 5, 91),
	(556, 8, 5, 92),
	(557, 8, 5, 93),
	(558, 8, 6, 94),
	(559, 8, 6, 95),
	(560, 8, 6, 96),
	(561, 8, 6, 97),
	(562, 8, 7, 98),
	(563, 8, 7, 99),
	(564, 8, 7, 100),
	(565, 8, 7, 101),
	(566, 8, 8, 102),
	(567, 8, 8, 103),
	(568, 8, 8, 104),
	(569, 8, 8, 105),
	(570, 8, 9, 106),
	(571, 8, 9, 107),
	(572, 8, 9, 108),
	(573, 8, 9, 109),
	(574, 8, 10, 110),
	(575, 8, 10, 111),
	(576, 8, 10, 112),
	(577, 8, 10, 113),
	(578, 8, 11, 114),
	(579, 8, 11, 115),
	(580, 8, 11, 116),
	(581, 8, 11, 117),
	(582, 8, 12, 118),
	(583, 8, 12, 119),
	(584, 8, 12, 120),
	(585, 8, 12, 121),
	(586, 8, 13, 122),
	(587, 8, 13, 123),
	(588, 8, 13, 124),
	(589, 8, 13, 125),
	(590, 8, 14, 126),
	(591, 8, 14, 127),
	(592, 8, 14, 128),
	(593, 8, 14, 129),
	(594, 8, 15, 130),
	(595, 8, 15, 131),
	(596, 8, 15, 132),
	(597, 8, 15, 133),
	(598, 8, 16, 134),
	(599, 8, 16, 135),
	(600, 8, 16, 136),
	(601, 8, 16, 137),
	(602, 8, 17, 138),
	(603, 8, 17, 139),
	(604, 8, 17, 140),
	(605, 8, 17, 141),
	(606, 8, 18, 142),
	(607, 8, 18, 143),
	(608, 8, 18, 144),
	(609, 8, 18, 145),
	(610, 8, 20, 146),
	(611, 8, 20, 147),
	(612, 8, 20, 148),
	(613, 8, 20, 149),
	(614, 8, 21, 150),
	(615, 8, 21, 151),
	(616, 8, 21, 152),
	(617, 8, 21, 153),
	(618, 8, 22, 154),
	(619, 8, 22, 155),
	(620, 8, 22, 156),
	(621, 8, 22, 157),
	(622, 8, 23, 158),
	(623, 8, 23, 159),
	(624, 8, 23, 160),
	(625, 8, 23, 161),
	(626, 8, 24, 162),
	(627, 8, 24, 163),
	(628, 8, 24, 164),
	(629, 8, 24, 165),
	(630, 8, 25, 166),
	(631, 8, 25, 167),
	(632, 8, 25, 168),
	(633, 8, 25, 169),
	(634, 8, 26, 170),
	(635, 8, 26, 171),
	(636, 8, 26, 172),
	(637, 8, 26, 173),
	(638, 8, 27, 174),
	(639, 8, 27, 175),
	(640, 8, 27, 176),
	(641, 8, 27, 177),
	(642, 3, 1, 74),
	(643, 3, 1, 75),
	(644, 3, 1, 76),
	(645, 3, 1, 77),
	(646, 3, 2, 78),
	(647, 3, 2, 79),
	(648, 3, 2, 80),
	(649, 3, 2, 81),
	(650, 3, 3, 82),
	(651, 3, 3, 83),
	(652, 3, 3, 84),
	(653, 3, 3, 85),
	(654, 3, 4, 86),
	(655, 3, 4, 87),
	(656, 3, 4, 88),
	(657, 3, 4, 89),
	(658, 3, 5, 90),
	(659, 3, 5, 91),
	(660, 3, 5, 92),
	(661, 3, 5, 93),
	(662, 3, 6, 94),
	(663, 3, 6, 95),
	(664, 3, 6, 96),
	(665, 3, 6, 97),
	(666, 3, 7, 98),
	(667, 3, 7, 99),
	(668, 3, 7, 100),
	(669, 3, 7, 101),
	(670, 3, 8, 102),
	(671, 3, 8, 103),
	(672, 3, 8, 104),
	(673, 3, 8, 105),
	(674, 3, 9, 106),
	(675, 3, 9, 107),
	(676, 3, 9, 108),
	(677, 3, 9, 109),
	(678, 3, 10, 110),
	(679, 3, 10, 111),
	(680, 3, 10, 112),
	(681, 3, 10, 113),
	(682, 3, 11, 114),
	(683, 3, 11, 115),
	(684, 3, 11, 116),
	(685, 3, 11, 117),
	(686, 3, 12, 118),
	(687, 3, 12, 119),
	(688, 3, 12, 120),
	(689, 3, 12, 121),
	(690, 3, 13, 122),
	(691, 3, 13, 123),
	(692, 3, 13, 124),
	(693, 3, 13, 125),
	(694, 3, 14, 126),
	(695, 3, 14, 127),
	(696, 3, 14, 128),
	(697, 3, 14, 129),
	(698, 3, 15, 130),
	(699, 3, 15, 131),
	(700, 3, 15, 132),
	(701, 3, 15, 133),
	(702, 3, 16, 134),
	(703, 3, 16, 135),
	(704, 3, 16, 136),
	(705, 3, 16, 137),
	(706, 3, 17, 138),
	(707, 3, 17, 139),
	(708, 3, 17, 140),
	(709, 3, 17, 141),
	(710, 3, 18, 142),
	(711, 3, 18, 143),
	(712, 3, 18, 144),
	(713, 3, 18, 145),
	(714, 3, 20, 146),
	(715, 3, 20, 147),
	(716, 3, 20, 148),
	(717, 3, 20, 149),
	(718, 3, 21, 150),
	(719, 3, 21, 151),
	(720, 3, 21, 152),
	(721, 3, 21, 153),
	(722, 3, 22, 154),
	(723, 3, 22, 155),
	(724, 3, 22, 156),
	(725, 3, 22, 157),
	(726, 3, 23, 158),
	(727, 3, 23, 159),
	(728, 3, 23, 160),
	(729, 3, 23, 161),
	(730, 3, 24, 162),
	(731, 3, 24, 163),
	(732, 3, 24, 164),
	(733, 3, 24, 165),
	(734, 3, 25, 166),
	(735, 3, 25, 167),
	(736, 3, 25, 168),
	(737, 3, 25, 169),
	(738, 3, 26, 170),
	(739, 3, 26, 171),
	(740, 3, 26, 172),
	(741, 3, 26, 173),
	(742, 3, 27, 174),
	(743, 3, 27, 175),
	(744, 3, 27, 176),
	(745, 3, 27, 177),
	(746, 5, 1, 74),
	(747, 5, 1, 75),
	(748, 5, 1, 76),
	(749, 5, 1, 77),
	(750, 5, 2, 78),
	(751, 5, 2, 79),
	(752, 5, 2, 80),
	(753, 5, 2, 81),
	(754, 5, 3, 82),
	(755, 5, 3, 83),
	(756, 5, 3, 84),
	(757, 5, 3, 85),
	(758, 5, 4, 86),
	(759, 5, 4, 87),
	(760, 5, 4, 88),
	(761, 5, 4, 89),
	(762, 5, 5, 90),
	(763, 5, 5, 91),
	(764, 5, 5, 92),
	(765, 5, 5, 93),
	(766, 5, 6, 94),
	(767, 5, 6, 95),
	(768, 5, 6, 96),
	(769, 5, 6, 97),
	(770, 5, 7, 98),
	(771, 5, 7, 99),
	(772, 5, 7, 100),
	(773, 5, 7, 101),
	(774, 5, 8, 102),
	(775, 5, 8, 103),
	(776, 5, 8, 104),
	(777, 5, 8, 105),
	(778, 5, 9, 106),
	(779, 5, 9, 107),
	(780, 5, 9, 108),
	(781, 5, 9, 109),
	(782, 5, 10, 110),
	(783, 5, 10, 111),
	(784, 5, 10, 112),
	(785, 5, 10, 113),
	(786, 5, 11, 114),
	(787, 5, 11, 115),
	(788, 5, 11, 116),
	(789, 5, 11, 117),
	(790, 5, 12, 118),
	(791, 5, 12, 119),
	(792, 5, 12, 120),
	(793, 5, 12, 121),
	(794, 5, 13, 122),
	(795, 5, 13, 123),
	(796, 5, 13, 124),
	(797, 5, 13, 125),
	(798, 5, 14, 126),
	(799, 5, 14, 127),
	(800, 5, 14, 128),
	(801, 5, 14, 129),
	(802, 5, 15, 130),
	(803, 5, 15, 131),
	(804, 5, 15, 132),
	(805, 5, 15, 133),
	(806, 5, 16, 134),
	(807, 5, 16, 135),
	(808, 5, 16, 136),
	(809, 5, 16, 137),
	(810, 5, 17, 138),
	(811, 5, 17, 139),
	(812, 5, 17, 140),
	(813, 5, 17, 141),
	(814, 5, 18, 142),
	(815, 5, 18, 143),
	(816, 5, 18, 144),
	(817, 5, 18, 145),
	(818, 5, 20, 146),
	(819, 5, 20, 147),
	(820, 5, 20, 148),
	(821, 5, 20, 149),
	(822, 5, 21, 150),
	(823, 5, 21, 151),
	(824, 5, 21, 152),
	(825, 5, 21, 153),
	(826, 5, 22, 154),
	(827, 5, 22, 155),
	(828, 5, 22, 156),
	(829, 5, 22, 157),
	(830, 5, 23, 158),
	(831, 5, 23, 159),
	(832, 5, 23, 160),
	(833, 5, 23, 161),
	(834, 5, 24, 162),
	(835, 5, 24, 163),
	(836, 5, 24, 164),
	(837, 5, 24, 165),
	(838, 5, 25, 166),
	(839, 5, 25, 167),
	(840, 5, 25, 168),
	(841, 5, 25, 169),
	(842, 5, 26, 170),
	(843, 5, 26, 171),
	(844, 5, 26, 172),
	(845, 5, 26, 173),
	(846, 5, 27, 174),
	(847, 5, 27, 175),
	(848, 5, 27, 176),
	(849, 5, 27, 177),
	(850, 6, 1, 74),
	(851, 6, 1, 75),
	(852, 6, 1, 76),
	(853, 6, 1, 77),
	(854, 6, 2, 78),
	(855, 6, 2, 79),
	(856, 6, 2, 80),
	(857, 6, 2, 81),
	(858, 6, 3, 82),
	(859, 6, 3, 83),
	(860, 6, 3, 84),
	(861, 6, 3, 85),
	(862, 6, 4, 86),
	(863, 6, 4, 87),
	(864, 6, 4, 88),
	(865, 6, 4, 89),
	(866, 6, 5, 90),
	(867, 6, 5, 91),
	(868, 6, 5, 92),
	(869, 6, 5, 93),
	(870, 6, 6, 94),
	(871, 6, 6, 95),
	(872, 6, 6, 96),
	(873, 6, 6, 97),
	(874, 6, 7, 98),
	(875, 6, 7, 99),
	(876, 6, 7, 100),
	(877, 6, 7, 101),
	(878, 6, 8, 102),
	(879, 6, 8, 103),
	(880, 6, 8, 104),
	(881, 6, 8, 105),
	(882, 6, 9, 106),
	(883, 6, 9, 107),
	(884, 6, 9, 108),
	(885, 6, 9, 109),
	(886, 6, 10, 110),
	(887, 6, 10, 111),
	(888, 6, 10, 112),
	(889, 6, 10, 113),
	(890, 6, 11, 114),
	(891, 6, 11, 115),
	(892, 6, 11, 116),
	(893, 6, 11, 117),
	(894, 6, 12, 118),
	(895, 6, 12, 119),
	(896, 6, 12, 120),
	(897, 6, 12, 121),
	(898, 6, 13, 122),
	(899, 6, 13, 123),
	(900, 6, 13, 124),
	(901, 6, 13, 125),
	(902, 6, 14, 126),
	(903, 6, 14, 127),
	(904, 6, 14, 128),
	(905, 6, 14, 129),
	(906, 6, 15, 130),
	(907, 6, 15, 131),
	(908, 6, 15, 132),
	(909, 6, 15, 133),
	(910, 6, 16, 134),
	(911, 6, 16, 135),
	(912, 6, 16, 136),
	(913, 6, 16, 137),
	(914, 6, 17, 138),
	(915, 6, 17, 139),
	(916, 6, 17, 140),
	(917, 6, 17, 141),
	(918, 6, 18, 142),
	(919, 6, 18, 143),
	(920, 6, 18, 144),
	(921, 6, 18, 145),
	(922, 6, 20, 146),
	(923, 6, 20, 147),
	(924, 6, 20, 148),
	(925, 6, 20, 149),
	(926, 6, 21, 150),
	(927, 6, 21, 151),
	(928, 6, 21, 152),
	(929, 6, 21, 153),
	(930, 6, 22, 154),
	(931, 6, 22, 155),
	(932, 6, 22, 156),
	(933, 6, 22, 157),
	(934, 6, 23, 158),
	(935, 6, 23, 159),
	(936, 6, 23, 160),
	(937, 6, 23, 161),
	(938, 6, 24, 162),
	(939, 6, 24, 163),
	(940, 6, 24, 164),
	(941, 6, 24, 165),
	(942, 6, 25, 166),
	(943, 6, 25, 167),
	(944, 6, 25, 168),
	(945, 6, 25, 169),
	(946, 6, 26, 170),
	(947, 6, 26, 171),
	(948, 6, 26, 172),
	(949, 6, 26, 173),
	(950, 6, 27, 174),
	(951, 6, 27, 175),
	(952, 6, 27, 176),
	(953, 6, 27, 177),
	(954, 7, 1, 74),
	(955, 7, 1, 75),
	(956, 7, 1, 76),
	(957, 7, 1, 77),
	(958, 7, 2, 78),
	(959, 7, 2, 79),
	(960, 7, 2, 80),
	(961, 7, 2, 81),
	(962, 7, 3, 82),
	(963, 7, 3, 83),
	(964, 7, 3, 84),
	(965, 7, 3, 85),
	(966, 7, 4, 86),
	(967, 7, 4, 87),
	(968, 7, 4, 88),
	(969, 7, 4, 89),
	(970, 7, 5, 90),
	(971, 7, 5, 91),
	(972, 7, 5, 92),
	(973, 7, 5, 93),
	(974, 7, 6, 94),
	(975, 7, 6, 95),
	(976, 7, 6, 96),
	(977, 7, 6, 97),
	(978, 7, 7, 98),
	(979, 7, 7, 99),
	(980, 7, 7, 100),
	(981, 7, 7, 101),
	(982, 7, 8, 102),
	(983, 7, 8, 103),
	(984, 7, 8, 104),
	(985, 7, 8, 105),
	(986, 7, 9, 106),
	(987, 7, 9, 107),
	(988, 7, 9, 108),
	(989, 7, 9, 109),
	(990, 7, 10, 110),
	(991, 7, 10, 111),
	(992, 7, 10, 112),
	(993, 7, 10, 113),
	(994, 7, 11, 114),
	(995, 7, 11, 115),
	(996, 7, 11, 116),
	(997, 7, 11, 117),
	(998, 7, 12, 118),
	(999, 7, 12, 119),
	(1000, 7, 12, 120),
	(1001, 7, 12, 121),
	(1002, 7, 13, 122),
	(1003, 7, 13, 123),
	(1004, 7, 13, 124),
	(1005, 7, 13, 125),
	(1006, 7, 14, 126),
	(1007, 7, 14, 127),
	(1008, 7, 14, 128),
	(1009, 7, 14, 129),
	(1010, 7, 15, 130),
	(1011, 7, 15, 131),
	(1012, 7, 15, 132),
	(1013, 7, 15, 133),
	(1014, 7, 16, 134),
	(1015, 7, 16, 135),
	(1016, 7, 16, 136),
	(1017, 7, 16, 137),
	(1018, 7, 17, 138),
	(1019, 7, 17, 139),
	(1020, 7, 17, 140),
	(1021, 7, 17, 141),
	(1022, 7, 18, 142),
	(1023, 7, 18, 143),
	(1024, 7, 18, 144),
	(1025, 7, 18, 145),
	(1026, 7, 20, 146),
	(1027, 7, 20, 147),
	(1028, 7, 20, 148),
	(1029, 7, 20, 149),
	(1030, 7, 21, 150),
	(1031, 7, 21, 151),
	(1032, 7, 21, 152),
	(1033, 7, 21, 153),
	(1034, 7, 22, 154),
	(1035, 7, 22, 155),
	(1036, 7, 22, 156),
	(1037, 7, 22, 157),
	(1038, 7, 23, 158),
	(1039, 7, 23, 159),
	(1040, 7, 23, 160),
	(1041, 7, 23, 161),
	(1042, 7, 24, 162),
	(1043, 7, 24, 163),
	(1044, 7, 24, 164),
	(1045, 7, 24, 165),
	(1046, 7, 25, 166),
	(1047, 7, 25, 167),
	(1048, 7, 25, 168),
	(1049, 7, 25, 169),
	(1050, 7, 26, 170),
	(1051, 7, 26, 171),
	(1052, 7, 26, 172),
	(1053, 7, 26, 173),
	(1054, 7, 27, 174),
	(1055, 7, 27, 175),
	(1056, 7, 27, 176),
	(1057, 7, 27, 177),
	(1060, 16, 1, 74);

-- Dumping structure for table student_marks.user_school
CREATE TABLE IF NOT EXISTS `user_school` (
  `id` int NOT NULL AUTO_INCREMENT,
  `user_id` int DEFAULT NULL,
  `school_id` int DEFAULT NULL,
  PRIMARY KEY (`id`),
  UNIQUE KEY `id_UNIQUE` (`id`),
  KEY `fk_user_school_user` (`user_id`),
  KEY `fk_school_id` (`school_id`),
  CONSTRAINT `fk_school_id` FOREIGN KEY (`school_id`) REFERENCES `school` (`id`),
  CONSTRAINT `fk_user_school_user` FOREIGN KEY (`user_id`) REFERENCES `user` (`id`)
) ENGINE=InnoDB AUTO_INCREMENT=18 DEFAULT CHARSET=utf8mb4 COLLATE=utf8mb4_0900_ai_ci;

-- Dumping data for table student_marks.user_school: ~9 rows (approximately)
REPLACE INTO `user_school` (`id`, `user_id`, `school_id`) VALUES
	(9, 1, 1),
	(10, 2, 1),
	(11, 3, 1),
	(12, 4, 1),
	(13, 5, 1),
	(14, 6, 1),
	(15, 7, 1),
	(16, 8, 1),
	(17, 9, 1);

/*!40103 SET TIME_ZONE=IFNULL(@OLD_TIME_ZONE, 'system') */;
/*!40101 SET SQL_MODE=IFNULL(@OLD_SQL_MODE, '') */;
/*!40014 SET FOREIGN_KEY_CHECKS=IFNULL(@OLD_FOREIGN_KEY_CHECKS, 1) */;
/*!40101 SET CHARACTER_SET_CLIENT=@OLD_CHARACTER_SET_CLIENT */;
/*!40111 SET SQL_NOTES=IFNULL(@OLD_SQL_NOTES, 1) */;
